dates,tcc,uas,vas,tas,tdps,rsds,rlds,tp
2017-05-01,0.600572300338745,-0.371536148681641,-0.741212661132812,8.83351457763674,3.68598689697268,94.3943480472519,311.359702430976,2.13936553955078
2017-05-02,0.939997847900391,0.0469280895996068,2.47966120239257,6.10889107177736,4.46954186279299,116.812455474594,312.391859223212,0.329214782714844
2017-05-03,0.990897088165283,-0.33892333129883,2.12374740600586,5.43763828613283,3.84779519775393,115.733446195146,312.856792037333,0
2017-05-04,0.944482660522461,0.422238687744138,-0.273203553466797,5.39278337646486,4.38152345703127,250.110624375844,271.462055793471,0.335937500000001
2017-05-05,0.60715810043335,2.54399067504882,3.6093796105957,5.52745491210939,0.645078732910174,148.080453238625,278.014379175941,5.67660156249999
2017-05-06,0.387690880889893,2.74916193481445,3.23507783935547,5.05522292968752,0.569904318847674,221.708611973356,282.685192583666,1.50574890136719
2017-05-07,0.743689069061279,0.809458637695312,4.30273342407226,6.54359237792971,2.61582299560549,36.3652726512713,348.451675389411,3.44813842773437
2017-05-08,0.994414421081543,-0.722141199951173,5.92200743896484,8.4619483911133,7.83425470947268,238.933837080445,286.494841020447,3.75137603759767
2017-05-09,0.752527285232544,3.39050110351562,2.12004818603515,8.71129191894534,2.31272803466799,142.204669351346,298.504611015229,0.0250189208984374
2017-05-10,0.944676893768311,-0.975642111816407,2.30142232666015,7.52535369628908,4.54330139648439,142.381931274135,320.503220160605,0.876921081542968
2017-05-11,0.687039350433349,1.56444814819336,2.35300473388672,7.80044440185549,5.19834835449221,269.234384636871,263.404317118685,0.239154968261719
2017-05-12,0.283601767349243,2.78632423706055,-0.283933137207032,7.94119859130861,-0.47105562011717,305.451162170042,245.361937928864,1.32685729980469
2017-05-13,0.164559382400513,1.99913379272461,-1.42995995483399,8.1607904199219,-0.898078161621078,247.79788895289,274.89076617175,2.13548614501954
2017-05-14,0.752307124252319,0.567019877929687,-0.582412167968748,8.90766624511721,1.73570249023439,264.75453412489,285.821898798064,1.12999725341797
2017-05-15,0.467989074401856,-0.273420511474611,1.18419482910156,9.94080393066409,4.97784534912111,252.206556319557,288.280588302975,0
2017-05-16,0.446285212936402,0.743551142578124,3.12735821044922,9.9386838208008,3.85289140625002,202.771020535687,307.152557482262,0.291756286621094
2017-05-17,0.323417608795166,2.48894018188477,2.01104423095703,10.756178894043,5.31364746337892,315.952638769817,256.731668563754,0.837280273437502
2017-05-18,0.00835269821166994,3.34316110595703,0.24636278564453,9.90209148681643,1.8460966723633,277.980289706459,261.357254135547,0.630928649902343
2017-05-19,0.285663913803101,4.58053653076171,2.06032605346679,8.8273785473633,0.439353615722671,166.233856270847,307.270546892581,0.453918151855469
2017-05-20,0.990607415771484,2.42223002929687,4.93708861206054,8.25196070800783,5.87925748535158,168.726059008406,320.688730021231,0
2017-05-21,0.909080065917969,-0.382337409667969,1.65649473022461,9.18210076660158,6.65034691162112,193.760202966755,300.787663959742,0.115020751953125
2017-05-22,0.796834540252686,-0.256884735107424,2.63235216186523,9.99027068115236,6.62805024414065,202.504875444185,306.374372748775,10.960104675293
2017-05-23,0.804080986862183,1.07989735717773,2.17995884277344,9.27019467529299,5.21069733886721,251.240579533655,310.026027522652,0.639970703124998
2017-05-24,0.930768586349487,-2.35665700439453,-1.77637389526367,13.3883795263672,7.14920263183596,70.9145615862137,360.490617522073,2.90080291748046
2017-05-25,0.991671826705933,-1.66654060791016,2.46750893676757,11.0954265893555,9.87652208740237,55.9286492316271,355.41988887734,-0.00173675537109376
2017-05-26,0.933938881149292,-0.254880936279297,2.00592050048828,10.1252624023438,8.47373686279299,238.020160127985,342.323663561287,0
2017-05-27,0.769313142242432,-3.99490723266601,-1.9394197644043,15.5457124023438,10.1110303369141,112.820605264911,366.442350893729,0
2017-05-28,0.960165669021606,-2.59078256713867,-0.0943646411132838,14.3166484716797,12.6198107983399,242.545696194255,329.913170981634,0.19769287109375
2017-05-29,0.668711943664551,0.600307145996092,0.820666917724608,13.8932928588867,10.4753797216797,138.76809622028,360.937727053579,0.0543707275390624
2017-05-30,0.987337926254273,-1.1809813659668,-3.6834978503418,14.3226937231446,10.5966055322266,79.0677491162906,373.751056350693,1.08790405273437
2017-05-31,0.973477364730835,-0.267655467529297,-1.13340198120117,13.9331110302735,12.4932971728516,123.260463634524,360.938066490497,0.402970581054687
2017-06-01,0.756843929901123,-0.390835778808594,-0.58543625854492,14.9507104003906,13.114485,242.512287257867,342.637644606321,0.0250189208984374
2017-06-02,0.397139461669922,0.671238544921874,1.40726191894531,16.2544828320313,12.3809191186524,207.637825341089,334.072773191528,11.165771484375
2017-06-03,0.565219913787842,0.901052287597655,1.86307719482422,15.1542470410156,12.3834809765625,202.042403073642,309.473134087641,12.9029663085938
2017-06-04,0.60402251701355,2.97389018798828,-0.788369628906254,10.4034551831055,3.1370512841797,229.242336610373,285.872648409829,11.0715869140625
2017-06-05,0.43006249534607,2.5260592565918,-0.946825570068363,9.53419816162111,1.75361492431642,276.760755439439,281.965246881531,5.78143737792969
2017-06-06,0.336373155136109,0.169554407958984,1.12873220581054,10.1223509619141,3.56543420654299,179.162469912566,314.814827259216,2.70767578125001
2017-06-07,0.946665949325561,-0.796025114746096,0.585077481689454,10.0119170556641,5.05386179687502,79.1254002959975,341.941242362566,0.0296075439453126
2017-06-08,0.999904912643433,-2.83515535034179,-4.23926764404297,9.95983267822267,7.61448082763674,86.1669831210631,342.378878001111,0
2017-06-09,0.950057785491943,0.656287124023438,-2.06878302246094,10.4583165795899,8.38144686035158,111.405760133307,346.800528355801,2.20533508300781
2017-06-10,0.991389571990967,-0.815325151367188,-3.94221055908203,12.8921842114258,10.4226555957031,112.224049623047,361.428529132668,0.0750567626953122
2017-06-11,0.835937961044311,-0.355952879638672,-4.12338359985351,13.554097109375,9.94966357666017,321.400870570557,317.679068028781,0
2017-06-12,0.0598187719726561,-0.454395474853517,-0.48094653564453,16.375165703125,11.0780719165039,186.366303584223,351.615126246247,0
2017-06-13,0.834566654357911,-2.71116065673828,-1.41852689941406,15.3817523583985,11.8937183715821,210.426995559301,352.73546718522,0
2017-06-14,0.536584323577881,-3.16025168945312,-1.07774874267578,16.431826784668,11.4878185375977,198.933418805041,360.068951537166,0.0360162353515626
2017-06-15,0.863677478179932,-3.95025889770508,0.675031429443359,16.6854086645508,13.4311054638672,223.421057948352,347.11530110426,0
2017-06-16,0.409063970413208,-4.21367736572265,0.112578704833985,16.1966355053711,10.5226770800781,324.154762104891,307.569584179913,0.0455651855468749
2017-06-17,0.157772779006958,-3.98816274414062,-0.43333526245117,16.5921299780274,8.57902781494143,228.35766160326,323.637475412902,0.0939501953125004
2017-06-18,0.699852020263672,-2.95232532836914,-1.12971560302734,15.1637930371094,8.87243924804689,115.595306747475,339.537845045599,1.0174951171875
2017-06-19,0.948936165084839,-0.881752456054689,-0.617715169677738,12.4094689379883,10.9139199951172,210.198491936031,330.966430462738,4.10608032226562
2017-06-20,0.679996336975098,0.593441407470701,0.232339206542967,13.1685221411133,10.8978196435547,281.168326747233,321.709680417412,15.5643365478516
2017-06-21,0.326760466156006,1.07033149902344,1.65881544189453,14.4258438623047,10.9321633813477,326.617132319618,313.88150563219,10.2147857666016
2017-06-22,0.578843242111206,0.404515217285157,1.16631082397461,16.288008359375,11.8574734301758,337.215839581464,312.171255567531,1.24046325683593
2017-06-23,0.468420395889282,0.149118015136719,0.277024104003909,17.9732362597656,11.9314377954102,317.214972429179,333.18092923879,0
2017-06-24,0.540280326004029,-1.64544598022461,0.909238563232422,20.368476159668,13.1321453491211,166.242442697454,367.430898338352,0.00347351074218752
2017-06-25,0.895224967346191,0.473282019042965,1.66149754516601,17.7873225561524,15.437869140625,172.339215188427,341.323813246568,0
2017-06-26,0.614277805023194,1.78738400512695,3.57863536621093,14.812019897461,12.5300982495117,235.148455538826,349.011825236683,1.34338989257812
2017-06-27,0.86193658569336,-0.783595592041016,1.30031730102539,16.4604443945313,12.1139027270508,182.151096297606,350.368744225714,4.73138793945313
2017-06-28,0.825964436187745,1.6896029711914,3.23640989379883,14.6839332519531,12.0619275390625,243.459957205768,332.4982722939,0.172057495117187
2017-06-29,0.788096447906494,1.98343107788086,3.22218868896484,14.6994296728516,11.06389921875,178.336022559031,342.767652738336,0.328336181640625
2017-06-30,0.714846857681274,1.20784880859375,1.02320868652343,14.8785172314453,11.9880941748047,231.008538773855,318.307272844689,0.245744018554687
2017-07-01,0.530884530105591,-1.48918239746094,-0.982324493408201,14.494392788086,8.34745850341799,258.794268371052,317.252427112291,2.67778930664063
2017-07-02,0.43753109085083,0.181555405273436,-0.178744696044924,15.680045522461,10.3034761083985,211.117770545778,335.778859939133,0.975187988281247
2017-07-03,0.746910617294312,-0.0246760693359385,1.06792466918945,14.985817175293,10.1503989477539,131.885586050331,351.35113913917,0.0250189208984374
2017-07-04,0.801490941619873,-0.25356322265625,-0.440664379882814,13.4308537011719,10.2032607397461,234.665211145965,319.958198248749,0.26035400390625
2017-07-05,0.812300661239624,0.966807875976562,-0.132945552978515,13.2913575463867,6.57998839355471,237.825084404059,314.245002748683,7.93669494628905
2017-07-06,0.338185757675171,2.37825558105469,-2.10295784423828,13.9885822753906,7.49639234863283,234.02785101476,302.949639139467,1.68530883789062
2017-07-07,0.492810156326294,0.509604263916015,-1.6888470690918,13.1940607958985,5.86017546386721,262.207994932383,310.524510547186,10.1594256591797
2017-07-08,0.584410247344971,0.127178903808594,-1.6255432055664,13.1578987548828,6.79043231445315,246.660638745795,320.080808931516,7.67799133300781
2017-07-09,0.749800506591797,1.20748105834961,2.62539869384765,14.0336293872071,9.08057060546877,63.9551490433352,356.761513293977,10.942915649414
2017-07-10,0.91917576751709,2.93345835083007,4.883166875,13.5683571484375,10.9770839892578,246.14426986089,328.530484179451,0.784934082031252
2017-07-11,0.466851210098267,3.63048060546874,3.60931801269531,15.4323800561524,10.2582395629883,288.834852759726,302.640216789125,0.296370849609375
2017-07-12,0.419363323898315,3.78014686767578,0.75217882568359,15.503539350586,6.86295778320314,298.356046919375,300.018475252719,1.69249938964844
2017-07-13,0.827917033691406,0.369234726562501,0.863679913330077,14.5375839282227,8.30665626220705,88.8806883584311,373.274996073822,0
2017-07-14,1,-1.13980505371094,1.80143059448242,15.4613475195313,14.238212788086,104.780740361611,376.23876581576,0.914357910156247
2017-07-15,0.92471079826355,0.373100019531247,0.523100582275391,16.1674007666016,15.0438544726563,148.616033494545,359.922812566385,12.5391650390625
2017-07-16,0.891358160705567,1.5124749987793,0.955087525634762,16.2470003540039,14.7484107861328,116.529482655682,359.689180411586,5.8505841064453
2017-07-17,0.94768594329834,1.86556423950195,-2.25454997680664,14.7229388769531,10.6178468798828,116.756696797924,340.22356450793,0.252241821289063
2017-07-18,0.74684311920166,0.835499525146483,-2.99995310180664,12.3264619067383,6.71538470458986,238.286134552881,317.280332998765,0.916371459960936
2017-07-19,0.653083265991211,0.609505179443358,1.74249134643555,13.174106616211,7.51646209228518,125.044911954546,333.296736012841,1.28052307128907
2017-07-20,0.639499732284546,2.55004020019531,0.430091937255854,11.7233380932617,9.43183860107424,267.23796459887,297.282893400829,0.531345214843748
2017-07-21,0.489496319656372,1.66864207641601,1.70305217163085,12.4727046557617,8.68055676757815,215.452391360731,316.420880619811,0
2017-07-22,0.442600109024048,0.395305460205077,-0.0233245104980473,12.5672081738281,9.60940092529299,248.444301999427,308.305765017073,0
2017-07-23,0.487117959289551,0.719131351318356,3.25881783447265,13.3695044726563,10.1795366601563,184.931975911329,331.618577907257,0
2017-07-24,0.648524251403809,0.804792026367184,1.47229792236328,13.2246028051758,10.4101340478516,244.743643153911,315.766501235338,0.0250189208984374
2017-07-25,0.77309785774231,2.0430186743164,1.9372211730957,14.1233159375,9.45733820556643,63.5506085042519,358.56978193154,0
2017-07-26,0.993111550292969,0.299752773437499,4.55974756958008,13.6327016552735,12.4574724609375,186.823409438137,338.897890781975,0
2017-07-27,0.472558762207031,2.15882103515625,4.04851433105469,13.8968576489258,11.6895611767578,231.170429324277,314.475424474982,0.248396606445313
2017-07-28,0.63691507736206,0.987964422607421,2.82871466674805,13.3926332202149,9.85584773193361,189.399542220226,325.317387591943,0.613786010742187
2017-07-29,0.637153007278443,1.25349512084961,1.96188589111328,13.1018062744141,10.9738430517578,224.766517622899,319.923875297867,0.0400280761718751
2017-07-30,0.636183059082032,1.33171710083007,1.25280032958984,13.647966484375,10.861681538086,249.138194495917,311.903469232162,0.27036376953125
2017-07-31,0.571834904174805,0.423370977783202,1.47018450439453,13.8141044873047,10.4978180908203,81.1082883683911,348.38796483406,0.259815673828125
2017-08-01,0.997172000198364,-2.82806310546875,-2.48588291992187,13.3800354711914,12.2017181567383,53.4137781761213,358.110490596915,0.256176147460938
2017-08-02,0.820287494735718,-0.0947086840820314,-4.31235650878906,13.256363984375,10.5179348339844,230.607859092672,317.973766591713,0.523799438476563
2017-08-03,0.497240930557251,0.399545762939452,-3.11083157348633,14.1961257910156,7.2038764379883,184.620763457913,328.250615596483,15.9400305175781
2017-08-04,0.666535448913574,1.32294696533203,-2.04499905273437,14.585133215332,8.45529421386721,172.333275990517,343.350411881353,5.8827130126953
2017-08-05,0.900835345535278,0.912744772949219,0.910870469970702,15.155947800293,12.0034150585938,129.601922735662,348.393007084137,2.70945434570312
2017-08-06,0.708228947219849,-1.11227168945313,-0.0877929248046908,13.8562655151367,12.4580584350586,163.568187994348,347.813140740102,12.9545642089844
2017-08-07,0.809958033828736,-1.86397102416992,-3.17720608032226,14.7315713061524,12.2501431420899,196.624754728803,337.143269295898,5.37333862304688
2017-08-08,0.534998043289185,-0.952007545166015,-0.81283474243164,15.0239129467774,12.2860349291992,157.854391368568,346.007519331236,0.258983154296876
2017-08-09,0.817792748565674,-0.33420580444336,0.0474269409179685,14.5931134790039,12.9606668969727,177.892114922694,345.632524974345,3.20151428222656
2017-08-10,0.825167355957031,-1.06529087280273,-1.6985457043457,15.7183385473633,13.8251354809571,183.756348473298,339.551276507538,3.76099548339843
2017-08-11,0.841393100967407,-0.663761734619139,-2.01820608642578,16.1946191894531,12.4892434106446,173.865558710413,344.153733909695,0.0250189208984374
2017-08-12,0.685335493545532,0.367659752197266,-0.730881771240233,17.0264250244141,12.2002149316406,187.244098830795,333.329620623488,0.163507690429687
2017-08-13,0.452699412994384,-0.051552761230471,0.353905001220703,16.4601550292969,13.0194986401367,223.385847531117,317.42357253353,0.601967773437499
2017-08-14,0.338812363052369,1.20454077148437,2.70708342895508,15.7411944628906,12.3049645263672,181.049105811433,338.529970555927,0.10007568359375
2017-08-15,0.696624495620727,0.357840975341798,1.79344841918945,15.2823428369141,12.61227921875,207.706160250369,338.221908797698,0
2017-08-16,0.563735601959229,0.859337794189453,0.80814247680664,16.326261484375,12.9204041870117,198.282989404363,332.562585160151,0.0029351806640625
2017-08-17,0.480602778472901,1.28290107910156,3.69506317382812,15.0794436352539,11.8284411865235,207.840546928991,301.320379861115,0
2017-08-18,0.490236988220215,3.2561108203125,-0.874923348388672,13.32422484375,5.24983008056642,219.735508786407,288.093801287243,0.0250189208984374
2017-08-19,0.732212568511963,2.99294826538086,1.36938881835937,11.9672910864258,4.04744798095705,220.309896732371,309.161881812016,0.310596923828124
2017-08-20,0.144053246383667,5.01787239746093,-0.418337709960939,13.886900366211,6.08290849609377,225.06263556311,275.486830673046,1.00188720703125
2017-08-21,0.14170934463501,2.36543497924805,-4.40902501220703,12.286962434082,1.55002291259768,243.109718988312,268.922329280048,0.466914062499999
2017-08-22,0.270124962463379,1.17852809570312,-0.474612996826171,11.8990804833985,4.53740825439455,186.334142410359,300.908622020868,0.629127807617186
2017-08-23,0.996125154418945,1.05121968139648,3.16531952026367,12.1438517163086,8.21311388183596,152.048313412308,330.611630706147,1.54273498535156
2017-08-24,0.91174923286438,-1.14728163818359,-1.59790834716797,13.1382387524414,7.46477676513674,122.113701608554,335.274773361016,0.994506225585939
2017-08-25,0.846416087112427,-1.02930833374023,-1.63066495239258,12.4963987768555,6.56457681152346,71.8104247375364,339.699605699771,2.03518432617188
2017-08-26,0.991438829269409,-1.24488650512695,0.702567872314454,11.9114674047852,7.62909058837892,139.486014782387,330.513069792692,7.01069702148437
2017-08-27,0.549374596176148,-0.475877739257811,0.727577166748047,12.7042783740235,10.0718897192383,168.669792124508,318.716723841303,10.9964318847656
2017-08-28,0.807656078414917,0.404902370605468,-0.220192751464847,12.771902944336,8.52016273681642,144.288906839917,291.164222487935,21.3420159912109
2017-08-29,0.204461662368774,-1.28077164428711,-4.78892116821289,10.4478593017578,2.20492738769533,175.874881143872,275.476602054424,0.223799438476562
2017-08-30,0.238850051422119,0.28394880859375,-4.08451590698242,9.94838620849611,1.58373096679689,126.734048663673,297.990023937104,1.7653955078125
2017-08-31,0.58948750617981,0.602599702148438,-3.69873401000976,11.043993215332,3.35860042480471,192.280675191253,287.049496114097,13.0251794433594
2017-09-01,0.232836520080566,0.370210167236329,-2.64255709228516,11.1457684472656,3.97285056640627,202.200698247551,281.529324546087,0.266313476562499
2017-09-02,0.545994902572632,1.15857260009765,-0.0948731323242192,11.5879530664063,6.82883006347658,199.134767474908,293.749011859571,8.41878479003907
2017-09-03,0.286023689880371,1.24864724121093,3.69370864746093,12.7315310400391,9.34399110107424,141.821932419403,318.427040980309,5.17380065917968
2017-09-04,0.936418128204346,3.59571218261718,4.4204209399414,12.5326918310547,8.40187785156252,187.751608222522,301.310507746071,1.16086059570313
2017-09-05,0.496619098510742,1.17830236694336,0.126135393066406,12.6945564526367,7.72744868164064,187.734374687847,304.082749733205,2.14750610351562
2017-09-06,0.248916915206909,1.25995794677734,2.9597249633789,13.3469374682617,9.85402459228517,119.692936119923,327.887669502018,10.2996423339844
2017-09-07,0.676892362518311,3.12313755981445,3.27930353027343,13.797640053711,10.5559575927735,155.22165795455,318.848035380267,1.04990356445312
2017-09-08,0.768871455535889,1.63633574096679,3.34836154907226,13.2172820629883,10.5491717407227,184.315793609707,292.540967395914,18.1690075683594
2017-09-09,0.0983742238616946,3.07909657836914,-0.80255847290039,13.4378778393555,5.53829417968752,163.562461181549,285.117961623627,0.248524169921875
2017-09-10,0.718442890472412,2.27047666992187,3.35354801147461,12.3244460009766,7.73378242675783,100.477742172563,344.991440518526,5.90044555664062
2017-09-11,0.639269267730713,2.26539924316406,3.64088081909179,13.7578134838867,11.1484826391602,110.359444886795,346.641077389705,2.334638671875
2017-09-12,0.774159072113038,0.154760617675782,2.20165471679687,14.7353530249024,12.4778022583008,114.103217909727,338.494583783198,6.01703125
2017-09-13,0.530283264389038,-0.0421922851562501,2.91756480957031,14.6912215795899,12.7097325561524,57.5875400254751,331.470573929724,6.74078979492188
2017-09-14,0.657920128860474,1.87786123779297,3.68613814453125,13.1490485668946,10.7537565576172,107.76185362337,322.954351979287,3.52878662109375
2017-09-15,0.816667861404419,4.54087115966796,2.97249349853515,12.8473351416016,7.00254666992189,166.832918815533,264.362994588638,0
2017-09-16,0.133333029479981,2.17485167358398,-2.40887965698242,10.7898507006836,2.00594438964846,136.766757191418,300.745161337666,0.105946044921875
2017-09-17,0.821351132354736,0.644888942871094,1.4361365637207,10.5654936499024,6.83399867675783,121.544828090279,328.034948946472,0.870028076171877
2017-09-18,0.815725190658569,-0.03709115722656,0.865300668945311,13.3380194677735,11.655459741211,77.2730152887779,359.488430971139,6.29658813476562
2017-09-19,0.966221445770264,-1.05778734375,0.838574770507811,13.3623721459961,12.1637427148438,43.4948322157395,371.920112758148,1.83841186523438
2017-09-20,0.941777968673706,-2.66433715454101,1.16512554077148,14.0160503491211,12.030699609375,36.2877862192873,364.294639649723,1.01708984375
2017-09-21,0.993168576660156,-1.09319834838867,3.32578380737304,13.2785174291992,12.0160276074219,15.3321247364235,361.050066451073,0.641368408203125
2017-09-22,0.780497292098999,0.549403066406248,2.9417722290039,12.4202318041992,11.7513460107422,119.886164851907,315.935725709104,0
2017-09-23,0.744640452041626,0.245471546630856,2.32576717773437,10.9032734643555,8.62499794921877,121.674380163196,308.127832753779,2.21869506835937
2017-09-24,0.371864841079712,3.96662689086913,4.4500836340332,11.5951080639649,7.74304607910158,71.4627313488134,327.895874625056,0.286898193359375
2017-09-25,0.866910157623291,0.489440195312497,4.0178265258789,10.6163750146485,9.28848722900393,39.0056405514912,347.819534100814,8.986162109375
2017-09-26,1,-3.62511156616211,2.74320591796875,10.8153551928711,9.87816786865236,25.0757780770267,345.345786112315,1.64658569335937
2017-09-27,0.998128997039795,-5.26059486328125,1.72128223144531,9.40160193115236,8.3674687426758,58.0084948995211,316.648973695078,2.627509765625
2017-09-28,0.485118669281006,2.96472400634765,2.91472042114257,9.62959033691408,7.03946849121096,105.808791436774,296.730159254651,3.97786499023437
2017-09-29,0.654021870346069,0.657506845703123,4.29358214233398,9.84220270507814,6.92446341064455,72.7326283832909,318.320622765916,3.69127563476562
2017-09-30,0.616176140136719,3.64998385864257,4.64097369262695,10.1342508007813,7.29335532470705,107.013714745974,274.469670023679,0
2017-10-01,0.278673114089966,3.29167771728515,-0.424682700195314,7.98513753662111,1.8372445629883,122.446967031986,241.493817216369,7.53777465820312
2017-10-02,0.237888186645508,1.61828435424805,0.0241692175292971,5.74615137207033,1.02769087646486,37.3530312369135,310.619861032141,2.25986572265625
2017-10-03,0.999954504699707,3.23552054565429,5.16631302856445,8.20616090087892,5.99893641113283,48.6793148945047,341.442819071345,12.1118957519531
2017-10-04,0.894709750595093,3.50809531982421,5.58572338256836,10.3480969799805,8.47246244384768,109.230290913887,278.998414622153,10.6551843261719
2017-10-05,0.0276018852233887,3.89288792846679,-0.2774863671875,8.9748828857422,4.57589323974611,105.898066190534,264.298182996636,5.78480224609375
2017-10-06,0.671363943176269,0.333947264404296,1.10231411499023,7.57836488525392,3.68292091064455,32.987865840119,329.659528167213,12.0797375488281
2017-10-07,1,-1.96071505981445,3.30130797729492,9.13588637451173,6.65298426757814,29.5179198022811,355.176522088931,7.6166552734375
2017-10-08,0.837503156661988,-2.13749422485351,3.08184626586914,11.6893900268555,10.8986428613281,53.0858261730418,338.509822414871,6.83220458984373
2017-10-09,0.698177669067384,-2.19630232666015,0.219014622802734,11.6304490991211,10.3868293286133,43.9093529587171,337.62494260783,1.55630737304688
2017-10-10,0.691639123764039,-3.13400223876953,-1.24577209960937,10.9756268701172,9.55217734375002,49.5213839314296,335.122338688747,0.384233398437501
2017-10-11,0.626241293563844,-2.5366299621582,-1.98069031982422,10.7745601098633,9.33891152099611,17.4435503635718,351.282454363347,8.10412231445314
2017-10-12,0.999108141860962,-3.83314444580078,-0.565379447021486,10.044169987793,9.30809058837893,37.2324220941827,338.895153479234,12.1206164550781
2017-10-13,0.807204434127808,-1.22685832641602,1.10763151977539,9.99216825195315,9.16111344238283,30.006906178306,344.755376364583,0.824838867187502
2017-10-14,0.997354781951904,-2.25129727294922,-2.62355745361328,9.78124327148439,8.69325846679689,16.3299308444549,345.979463637408,0.0998205566406254
2017-10-15,0.984709221038818,-3.00583329711914,-0.576292153320312,8.02611070800783,5.75162582519533,32.9512123419099,324.829071556423,0.388128662109375
2017-10-16,0.956839306259155,-1.42428231689453,0.251108079833985,6.51297016113283,2.88603626464846,51.7717113170919,299.262925652006,0.209073486328125
2017-10-17,0.738047135696412,-0.0129810595703111,1.96348991210937,5.56465088134768,2.5512019458008,29.5926528130122,321.999720730132,0
2017-10-18,1,0.191615686035156,3.47113053955078,5.55864458496096,2.86863143066408,20.2129052406104,324.376074975137,0
2017-10-19,0.996700746459961,-2.86161834228515,2.87983297485351,5.50930520263674,2.53841271972658,41.4514987720302,297.206485961058,0.005870361328125
2017-10-20,0.982546301879883,-3.0663652758789,0.447502845458985,4.64468562988283,1.15749914550783,37.5283248048398,298.458803386909,0.0720324707031252
2017-10-21,0.996997051467895,-3.68712518920898,-1.78164365478516,3.91770486816408,0.126735432128925,32.3188868755996,290.280330650917,0.264981689453125
2017-10-22,0.735190321807861,-2.83909846557617,-2.01919839355469,3.81841286621096,0.752589248046896,38.9361517463216,294.126776704375,0.25588134765625
2017-10-23,0.840661764678955,-2.56579446044921,-1.96831543945312,3.85100885742189,0.0341925244140827,24.1666285303808,309.001626816574,4.652744140625
2017-10-24,0.984649647750854,-3.20605072998046,-1.68164533203125,3.8404219482422,1.04605337158205,20.2859410667536,319.386109561235,7.59624755859375
2017-10-25,0.941101651992798,-2.64487385986328,-1.61286965332031,4.26875617919924,1.96058974121096,27.8228182952534,295.81917693828,10.55548828125
2017-10-26,0.921713734741211,-1.55602601440429,-1.6090500402832,1.65740763183596,-0.820923515624979,33.6721147251893,282.46862993397,2.35125122070313
2017-10-27,0.841046098022461,-1.14612323242187,-0.999902354736327,0.456311025390642,-2.13610354003904,17.8115663525487,304.355702526014,1.13477661132812
2017-10-28,0.976266855773926,-2.09767858764648,-0.69511841064453,1.69983645019533,-1.29292246337889,12.4166413182296,311.141621085518,0
2017-10-29,0.956172941818237,-2.6063347265625,-1.47001349365234,2.83648154541017,1.01925541748049,12.7448313064104,316.937405949105,0.44924072265625
2017-10-30,0.993480510025024,-2.51931959716796,-2.52832948486328,3.35801709228517,1.81178532470705,12.9504181970067,321.425895983971,9.05636108398438
2017-10-31,0.993421731567383,-2.03870746948242,-1.74425841918945,3.71732802246096,2.61433619873049,9.45855572243906,326.797771544922,19.7879479980469
2018-05-01,0.438459518280029,1.3950364465332,0.38700321533203,3.00043599853517,-1.37774614257811,253.865041306141,249.428575904814,0.0392013549804688
2018-05-02,0.71392658493042,-0.211476529541017,0.247572037353516,4.25886568847658,-2.56400354980467,76.5588912142238,303.179851088062,-0.00320434570312501
2018-05-03,0.930702787704468,-2.97488491210938,0.906169202880857,3.48979346679689,1.27026449707033,179.420608843923,287.664416193942,0
2018-05-04,0.494094089660645,0.883972652587889,-1.35415783935547,4.66073091308596,1.46213863769533,245.05513625908,260.277998337668,0.0296075439453126
2018-05-05,0.299854881439209,0.226404891357422,-2.30389777099609,6.08832825683596,-1.09781089599608,252.109130339036,262.202883230479,0.71649353027344
2018-05-06,0.370751745529175,-0.621863638916015,-2.6427319140625,6.45661762695314,-0.736945532226544,236.089943562977,278.75393470821,0.954688110351565
2018-05-07,0.639539903259277,-1.67280659057617,-3.2844664453125,6.42462152587892,0.675027329101582,128.659577585887,301.507297010135,0.19655029296875
2018-05-08,0.999904912643433,-2.81483104736328,-5.2747225805664,5.68739812011721,-0.742009165039042,164.873120038715,298.652515200204,0.928884277343752
2018-05-09,0.973738190841675,-3.33805908325195,-4.8369650024414,5.07946716796877,-2.01756775878904,283.665482608974,260.036019637659,0
2018-05-10,0.328870980911254,-1.22247276855468,-3.1102279699707,6.87518761962892,-1.66500003173826,304.556080292518,253.169429817663,0.107678833007813
2018-05-11,0.0259689911651612,0.428560441894529,-1.4685238293457,8.07139753906252,0.681411083984391,302.401820191559,261.826394829669,0
2018-05-12,0.449753840332031,0.625217905273438,2.10765797363281,8.54384589599611,2.26763945068361,292.244020626365,271.752902268871,1.29023559570312
2018-05-13,0.351928175964356,0.989251351318358,-0.438860076904299,9.08403274414064,3.97616268066408,292.463990919306,272.437102798402,0
2018-05-14,0.144857256469727,0.758457120361329,-0.769573118896487,8.7329810083008,2.84549938232424,309.993514585948,260.709161919232,1.76113586425781
2018-05-15,0.526716212692261,-0.258109089355469,-0.936435146484373,9.01918784179689,0.480544997558615,177.538004469563,297.779712425949,0
2018-05-16,0.565655372238159,0.221691627197266,0.214945784912108,8.19651710449221,4.48496586669924,305.567211669933,264.491532143392,0.00347351074218752
2018-05-17,0.382794235153198,0.930543704833984,-0.120429619140625,9.91854894531252,3.28867196044924,298.753681149778,280.224319494338,0
2018-05-18,0.400953375091553,0.484637525634767,1.97828557006836,10.3453268652344,5.6541236645508,275.245103232208,295.88694295887,0
2018-05-19,0.578835425491333,0.346049829101563,0.518657109374996,10.4685659155274,6.33332958007814,285.139655245621,282.365625999857,0
2018-05-20,0.533064505767823,0.895808682861327,2.01130210205078,11.3914713745117,6.2330588598633,280.556866221726,287.981431549019,0
2018-05-21,0.929273189620972,1.01091876953125,3.10567393432617,12.0729340258789,6.99197458251955,243.938665659485,309.660257695847,0.215481567382813
2018-05-22,0.605343840560913,0.528182354736328,0.756089829101563,13.3477153515625,7.31538756103518,286.797173121434,305.070534866986,1.38732788085937
2018-05-23,0.210183977813721,0.648774608154297,1.37589211303711,15.4463817895508,7.4037973364258,304.189317754952,298.206507890531,0.0661621093750002
2018-05-24,0.0889171349334719,0.441200655517578,3.02195092651367,14.5018855419922,7.45657527832033,271.783897220923,312.427268751489,0
2018-05-25,0.226282748184205,0.215607181396483,1.49541438354492,15.1115950122071,9.32477701416018,312.228283814124,293.300098950921,1.16318237304687
2018-05-26,0.464821762390137,0.127815665283203,2.04550475219726,14.6028876806641,6.83077313476565,251.637936904896,318.245247859115,3.66952026367187
2018-05-27,0.256337569046021,0.026118947753905,1.13774233276367,15.0320354101563,9.62575319824221,297.24850028701,318.692841894154,5.51817016601561
2018-05-28,0.206007857208252,-3.24773121459961,0.671106824951173,17.2016159545899,8.0071763574219,298.828804797409,312.880671140039,0
2018-05-29,0.37006750213623,-2.2562767590332,0.710716641845704,16.0142815087891,6.38294465087893,275.805390323876,314.777376368695,0.0245581054687501
2018-05-30,0.292894582519532,1.66949412109375,1.34612578613281,15.7044310131836,8.61212443847658,288.543934462129,322.737484974143,6.18736694335938
2018-05-31,0.402988940658569,-1.76604168945312,-0.780773710937501,15.6632895434571,7.62951168212893,168.224940132948,330.822574631894,3.73813598632813
2018-06-01,0.694916344223022,0.403925329589841,-0.446361613769531,13.1377801635742,6.16370465576174,269.846072717853,305.952113223337,1.59352661132813
2018-06-02,0.481819512939453,0.0715489746093733,-0.158481300048829,14.5840813110352,5.96072637939455,293.595859439406,297.128246699709,5.48254516601562
2018-06-03,0.239684684448242,-0.84189270996094,0.180685869140624,14.8975584887696,5.44272804199221,176.721129616363,321.503344490042,0
2018-06-04,0.821346866073608,-2.39815307495117,0.0778835803222656,12.7555484399414,8.4559987426758,167.163701039838,313.909699755599,0.0138940429687501
2018-06-05,0.648800823364257,0.695081280517575,2.52747427978515,10.9501477636719,7.89008005126955,231.932671900411,292.858112262056,0.1907958984375
2018-06-06,0.927723076782227,0.731545311279295,1.71226561279297,11.414981015625,4.54975439941408,285.46972446277,295.278469098979,0.17905517578125
2018-06-07,0.409840401077271,2.37283185546875,1.93088150024413,11.9473932910156,5.75422555908205,268.898804784624,296.735110482538,0.188232421875
2018-06-08,0.901940697860718,1.26641975952148,2.62946758666992,12.3939100292969,6.53242924804689,164.442835390176,325.853214366295,0
2018-06-09,0.875568755645752,1.189651015625,3.79531883300781,12.373671706543,8.56391390136721,302.107420295188,303.121609449304,0
2018-06-10,0.820978305740356,1.44525191040039,0.243850920410155,14.4728143701172,7.05279788818362,113.572148941108,355.010925228703,0.125377197265625
2018-06-11,0.784821345062256,0.349085279541015,-0.534347595214844,12.9121269482422,10.4238636352539,301.930753809226,295.174969283559,0.282437744140625
2018-06-12,0.215992133789063,1.99676305541992,-2.25010567626953,13.7080476611328,3.55586836669924,291.430229149856,304.577663929365,0
2018-06-13,0.480167041473389,1.20770814086914,0.543425373535153,14.9940403491211,7.29651008056643,324.464025166401,306.414288823614,0
2018-06-14,0.435054470596314,0.9435754296875,1.34818001342773,16.0054610327149,8.49973129882815,138.211969601221,345.71955925482,0
2018-06-15,0.997760559921265,-0.154138675537109,-0.678296925048828,14.3335931396485,11.6682337011719,250.613831072789,304.843260043283,0
2018-06-16,0.554664906616211,0.750865987548828,-3.03159991088867,12.1804632470703,2.4043523754883,178.287780798235,312.9310974334,0.737238769531249
2018-06-17,0.647024530563355,1.10287067260742,-1.39997037231445,12.1286256201172,4.43093729248049,284.695512468626,300.326647944242,0.856799316406252
2018-06-18,0.669375031585693,1.45930161621094,0.904233947753906,12.7350202465821,3.85058632568361,240.301191384321,315.399015260989,0
2018-06-19,0.518570855712891,3.26217805786132,-1.42331597900391,13.6734312915039,5.41520482421877,240.121650114186,296.497979662304,0.0500378417968748
2018-06-20,0.620534809265137,0.390629517822265,-3.80278623779297,12.3959532226563,1.77545975341799,296.854734499689,297.90028648721,0.2744140625
2018-06-21,0.925414183883667,1.18546302612304,3.27199833984375,13.5339124658203,5.72655970458986,275.811913580839,304.550888235087,3.54581176757813
2018-06-22,0.302891128692627,4.57856537353515,1.37539615478515,13.4324397021485,4.67805831054689,294.686646611005,292.369164760092,1.47145629882813
2018-06-23,0.673237806625366,2.70640592041015,2.52178827270508,13.200677578125,4.43705100097658,102.195080590282,345.97564070542,0
2018-06-24,0.877198324203492,-0.045582673339849,3.76537397949218,10.9622798706055,9.37408184326174,174.60889901172,334.28341560627,0.514581298828126
2018-06-25,0.88050361404419,0.682866118164061,-1.84489739257813,11.9414283789063,8.29466418701174,246.305568767076,310.014687674792,0.0661621093750002
2018-06-26,0.751815856628418,0.502706662597654,-2.26366077026367,12.4808039501953,4.40609998291017,227.989438918059,315.001237860266,0.549061279296877
2018-06-27,0.804168587493897,-0.466573239746094,1.62276484985351,12.0999536328125,6.20751725585939,51.3541659825865,349.622378384731,16.3112084960938
2018-06-28,0.999743556060791,-3.4182631262207,2.16407600830078,11.1495937866211,10.1349723999024,76.8523789923974,351.083684655537,13.3460314941406
2018-06-29,0.910073903427124,-1.63849120239258,1.58199967773437,11.4749640991211,10.0807135449219,242.687603581341,318.176470164806,0.0569848632812499
2018-06-30,0.538579016799927,0.712241248779295,2.14123526733398,13.1881922729492,10.2006657055664,255.830972703021,312.434938319159,0
2018-07-01,0.314318179550171,2.4379078149414,1.57257258666992,13.8772027929688,8.3023500683594,143.242166823184,336.786866221352,0
2018-07-02,0.999437074279785,0.511608355712888,3.17048361206054,13.3890435766602,10.264558959961,128.276161780109,352.696536235961,1.47658325195313
2018-07-03,0.582481080932617,2.5300984790039,3.38495089599609,13.3488223559571,11.1017661376953,283.508871345583,289.898150281741,24.0626135253906
2018-07-04,0.405037027511597,3.76194516113281,2.08253455566406,12.4638261938477,6.67971064941408,304.507903005773,290.731218551464,15.9216296386719
2018-07-05,0.34104179977417,3.52056557250976,1.19338324707031,13.5530202294922,6.42403392822268,273.009127960012,305.016754974805,1.74892333984375
2018-07-06,0.56400122253418,1.56471259887695,-0.324598530273441,13.216019375,6.71990926269533,255.374329545241,312.368908357217,10.2096752929687
2018-07-07,0.614959313049317,0.0324953576660138,-0.757922349853516,13.5356878344727,6.93018244628908,238.131571288769,314.087658567031,4.98037841796875
2018-07-08,0.732429138412475,0.51703162963867,2.89784145019531,12.8635403808594,8.46576578125002,237.96884636827,323.972115650664,2.28841918945313
2018-07-09,0.371366703720093,0.905924798583983,0.68605073486328,14.5362707641602,9.82545964599611,212.167757020627,333.418332177446,1.79903930664063
2018-07-10,0.996708156585693,2.1231280078125,2.17866358764648,15.959492800293,11.1494140649414,226.57373286824,335.195883670267,4.71745727539061
2018-07-11,0.9470932396698,4.44781757446289,1.05507463012695,17.5500313183594,10.2597148608399,263.29805392646,314.458731384562,0.0500378417968748
2018-07-12,0.634134558181763,4.49129850585937,-0.228427432861328,16.6419173022461,8.06254266845705,259.311077196543,330.584847426685,0.157060546874999
2018-07-13,0.701850696334839,1.33184270507812,1.24966480346679,16.3898877270508,10.6153026123047,139.15194058887,367.629295424072,0.309404296874999
2018-07-14,0.966469807357788,-0.285039526367189,-0.402252352294922,15.3998156860352,12.8353097387696,101.952362334978,369.170979977695,11.2300134277344
2018-07-15,0.992697929763794,-0.773819215087892,-2.28333502441406,14.6566469213867,12.2697839355469,149.341753416869,350.952468583206,0.396641845703127
2018-07-16,0.539104276199341,-0.209653461914061,-1.07013584960937,15.1311169189453,10.9088389160156,237.904986716674,333.100566126337,0.194102783203125
2018-07-17,0.723143020935059,1.12825878540039,2.06215012084961,15.9507911914063,11.2533674658203,304.74085913118,311.068547333462,0
2018-07-18,0.19103464050293,3.4947897265625,1.51977382080078,16.1697698217774,8.14071140380861,124.851542896686,343.47765142175,0.0500378417968748
2018-07-19,0.757754440612793,3.22486765502929,4.1657385949707,13.4070620703125,10.0220935473633,162.924744546766,319.819772460437,0.105946044921875
2018-07-20,0.5954461668396,3.28524362915038,1.02910998291015,12.3764919506836,7.71936877441408,246.568228467212,302.945783970454,0
2018-07-21,0.332091869735718,1.69470503173828,2.37737640380859,12.9215784594727,7.71303598144533,269.609737393635,303.806703134077,0
2018-07-22,0.324939415664673,1.67567605102539,0.895793873291015,14.8019167382813,7.8614158911133,302.476393913457,314.440455835439,0
2018-07-23,0.405581604156495,1.15996526855469,2.13533975341797,16.9415187158203,11.4616565454102,212.407281914092,362.292519347062,0
2018-07-24,0.453957850036621,-0.808474821777343,2.7748888671875,19.0237729150391,14.5912381933594,164.956215713169,362.244385675117,0.278542480468751
2018-07-25,0.706945427017212,-0.759581368408203,2.53854364013672,17.5921926538086,13.7811676879883,149.940906983745,348.688032758066,2.76857666015625
2018-07-26,0.514186201171875,0.446331759033202,3.4731811328125,15.986583413086,13.0542507910156,284.910567563297,307.145938462369,0.41294189453125
2018-07-27,0.691547747650147,1.4076375805664,2.23430215820312,15.2372662719727,8.64621412841799,229.451285633119,321.767269967511,2.7248974609375
2018-07-28,0.380887236404419,3.41563041992187,3.9410420727539,13.7863481176758,9.19175740966799,255.88522192837,305.012926353931,1.30744873046875
2018-07-29,0.536674836807251,2.85382993530273,-0.464152645263674,14.2620513574219,8.2467692480469,209.333318433164,316.147272656862,0
2018-07-30,0.450877129974365,1.17532860595703,-0.505015920410158,12.7295253247071,8.10187027099611,246.495448640979,311.093922613419,0.10007568359375
2018-07-31,0.40191061203003,0.572715081787109,0.357903803710936,14.4538600732422,9.50007451660158,150.511798160569,344.230688430755,0.105946044921875
2018-08-01,0.798739722213745,0.726487685546873,-1.52776371459961,14.8356876538086,9.78030940185549,156.620380780718,343.70536997863,0
2018-08-02,0.599608688049316,0.178412456054686,-1.99424006225586,15.4223032641602,10.7273885742188,210.769769957163,334.826278585553,0.116199951171875
2018-08-03,0.674310313949585,0.655719649658203,2.26249777709961,15.9765656176758,11.2517976977539,153.888304231298,339.561575289098,0
2018-08-04,0.634305943984986,-0.360470104980469,2.78516313232422,13.9266764501953,10.5495910888672,122.165424968125,346.693579178632,0
2018-08-05,0.819835296859741,-0.991966452636718,-1.46645094604492,13.1396718847656,9.10204075683596,157.78292377891,333.745100892053,0
2018-08-06,0.616274754638672,-0.228948303222658,0.213381180419919,13.7046931542969,10.0584862695313,207.558408480155,327.525900710842,3.87853881835937
2018-08-07,0.619479684448242,0.357036674804686,1.19336571777344,14.3822407666016,10.8840175610352,171.643927018353,343.794593532409,10.7199047851562
2018-08-08,0.973999966964722,1.04847669799804,3.66098182128906,15.3085574267578,11.669042331543,190.223884685613,356.008037292534,0
2018-08-09,0.941035897750855,-0.257472254638672,4.98554548706054,16.5422057958985,11.3685710107422,238.024688481947,321.986058868275,0.803400878906247
2018-08-10,0.103211070251465,3.39958426757812,0.188367083740233,16.2193058203125,8.95119653564455,210.045286419589,312.890177270026,7.59596923828124
2018-08-11,0.418773648910523,3.33019693237304,1.2744668359375,14.4282364306641,9.58520016357424,226.820668485022,298.451726411622,12.8348681640625
2018-08-12,0.562440009841919,1.71948448364258,-1.15389976074219,14.2739190527344,6.67501078125002,209.949303520041,311.23052226904,0.0708789062499999
2018-08-13,0.898138523864746,1.34258059936523,0.666391049804686,15.2640663525391,9.59828952636721,256.206985370665,315.460138557992,0.005870361328125
2018-08-14,0.0809468044281005,0.724657741699217,0.712423972167967,17.7360337231446,11.8110116381836,203.301846778466,333.723254618262,4.33186157226563
2018-08-15,0.611799507980346,0.272415227050782,2.29265757324219,16.8800213452149,12.9598071337891,213.365207028754,344.155804664521,6.005771484375
2018-08-16,0.420265833282471,1.3182648046875,-0.223647403564456,17.4796269848633,11.9130415112305,233.870686033045,309.936986961401,0.0998205566406254
2018-08-17,0.445211623840332,0.438052431640626,-0.390487326660156,16.6793006469727,9.4037958935547,223.321009390977,317.817126883888,0
2018-08-18,0.490913106689453,-0.306427943115234,-2.07523231689453,15.7659530541992,6.55320449218752,255.027148156338,275.652756540566,0
2018-08-19,0.373902686080933,0.204611170654296,-0.690124766845703,13.6024314306641,3.54807117187502,188.303976383644,314.200376275503,0
2018-08-20,0.632788195419311,0.537150629882812,2.71056167724609,14.489910769043,7.21648240234377,54.4474716789276,364.326982867968,3.43076171875
2018-08-21,0.962109885025024,0.483893533935547,1.88031755737304,14.3738016088867,12.9173332275391,202.319512546469,326.675868180424,7.71754272460937
2018-08-22,0.540919796371459,3.49769454589843,1.79809709960937,15.0448877490235,9.4114208520508,229.632571495232,285.317072664651,0.920909423828124
2018-08-23,0.15713638961792,1.85407626220703,-2.41875198364258,13.7060044384766,4.38544063232424,204.639668174219,281.659017893028,18.4398620605469
2018-08-24,0.230690539321899,1.28763230224609,-2.70130080444336,12.6354825927735,2.16907157958986,211.607432003047,294.882136675525,1.16004760742187
2018-08-25,0.836280232696533,0.942192695312499,1.00324061889648,12.8729075,6.16086318603518,97.8631904410337,342.77504355055,6.93533813476561
2018-08-26,0.780360620117188,0.171676662597657,-0.353964555664064,15.1514478295899,12.416028178711,80.6271678266342,346.158081411572,5.66758056640625
2018-08-27,0.973634361724854,-1.23758830566406,0.623087353515622,12.6888838232422,9.8965267504883,133.443764583334,347.512665112536,14.6188598632813
2018-08-28,0.893842063903808,-2.33172726074218,-0.819046412353515,13.0515421191406,9.26812157470705,54.9927097684852,360.74315574429,4.48258911132813
2018-08-29,0.878508120117188,1.33751472534179,1.47057344848632,12.5077026269531,11.1031218920899,59.3259273246736,355.906868024442,9.85142944335938
2018-08-30,0.900890257339478,-0.142624060058597,3.56195348754883,13.4835979125977,11.6527945483399,95.642688941169,340.030920783148,1.1948681640625
2018-08-31,0.520929997329712,-0.0347735327148467,3.17694784179687,12.6078211865235,10.9197662719727,109.792058064293,311.104303883839,0.650367431640625
2018-09-01,0.993220571289062,-1.22000125488281,2.49138982055664,10.1324895288086,8.01571904785158,75.333833038037,325.149757902801,1.80262329101562
2018-09-02,0.792373948135376,-0.65527509033203,-1.43282184692383,10.2673566699219,8.92080221191408,175.697782302507,290.410137775596,1.1985302734375
2018-09-03,0.623669531326295,1.79512585693359,2.93491192993164,11.3150313256836,7.75683723876955,59.2366952375647,343.606292324617,0.764515380859374
2018-09-04,0.85753760345459,0.200689946289061,1.71616174804687,11.1874618457031,10.3856008276367,105.967062906988,337.617886491795,0.646828613281249
2018-09-05,0.929142868804932,-0.874987790527342,0.431009851074218,12.0255773266602,10.3327587744141,126.67987529015,328.374102367831,0.439908447265624
2018-09-06,0.669368440322876,1.13218524536132,1.55606166015625,11.8117128369141,9.55829692871096,42.9615180330958,342.896454826331,0.0500378417968748
2018-09-07,0.990585477905273,-2.26373234741211,2.65856431274414,10.8103622314453,9.85011976806643,83.2993821156442,337.541026785517,0
2018-09-08,0.934800369720459,-0.621260462646482,-1.00513505126953,10.5734321142578,9.68556365478518,78.9180441615793,326.159791325046,0.323863525390626
2018-09-09,0.699154128952027,0.305967103271484,-2.42331551879883,10.6960832519531,7.63151875732424,131.537137935948,318.464426448631,1.67520385742188
2018-09-10,0.776915869293213,-0.974641221923828,0.0885437695312518,11.7612258129883,8.47823998291017,68.937870607935,336.836024692937,2.81340942382812
2018-09-11,0.852485099029542,-0.626830258789063,-0.58779662109375,11.3731863305664,9.5870541333008,98.3384476367061,335.196231936811,1.17497192382813
2018-09-12,0.802530719680786,-1.60216186035156,-0.373470882568359,12.1896704370117,8.87740009033205,74.0388451679469,329.873949750995,0
2018-09-13,0.767559544754028,-0.0122065820312497,-0.00727576782226619,11.5734301049805,8.77899310546877,101.392257287691,322.585666597953,0
2018-09-14,0.782780030593872,-0.236918691406253,2.89169411254883,10.6377920043945,8.94207367675783,83.9192887418814,326.207968611792,0
2018-09-15,0.969871647491455,-0.00900515625000001,1.95817884643555,9.77873058349611,7.76694196044924,47.4108192224969,320.926345344998,0
2018-09-16,0.788814433822632,1.26209036132812,-0.794365593261719,9.17971322753908,7.48591373046877,146.137218604125,282.57252038629,0.0500378417968748
2018-09-17,0.468137819519043,2.07056860107421,1.55376433471679,9.84892423095705,6.12970806884768,46.4753841739923,328.45266684388,0.0500378417968748
2018-09-18,0.989894871826172,-2.35431322143554,-0.0878350402832053,9.67695069091799,8.5382739013672,45.8778083250798,330.553146104511,0
2018-09-19,0.67810372138977,3.23379394165039,-0.715325546875001,9.59173519287111,5.89205593261721,141.064946374751,284.895668368541,0
2018-09-20,0.643843526992798,1.82800589721679,3.88955959472656,9.84956607666017,5.89811852539064,31.4567227938964,344.074149226598,0.10007568359375
2018-09-21,0.710412581100464,1.21007577026367,6.05314409667968,11.4255833935547,10.4556323046875,65.4842611569394,313.009170768881,0.10007568359375
2018-09-22,0.681644323425293,2.42510527954101,3.45563175415039,9.25443541015627,7.31226221435549,55.8129875241919,312.697093604658,0
2018-09-23,0.983264200820923,-1.05381607543945,3.86190463867187,9.08175500244142,7.62960468750002,105.573283845598,316.076724770583,0.0592150878906251
2018-09-24,0.669738885421753,1.87308295043945,3.53319926513672,10.3076276025391,7.71348951416018,22.1051646041645,338.033647412114,1.36279296875
2018-09-25,0.996839998474121,-1.69567956298828,-1.92706896972657,8.44673024414064,7.95055015869142,38.2761792378912,331.864121643047,0.315274658203124
2018-09-26,0.737918141098023,1.34584041381836,1.60785303588867,8.68524978271486,7.89968367431642,121.580685144324,279.295192473243,0.137041015625
2018-09-27,0.266140703735352,1.41666500854492,1.90836459472656,7.86923669677736,4.77287401367189,125.136228070551,263.058917773599,1.01973388671875
2018-09-28,0.268710884552002,0.457171210937498,1.16727451416015,7.54820291015627,4.29534368408205,78.7913839394971,296.645692558457,6.86912109374999
2018-09-29,0.680090964813233,-0.987976379394531,0.702744886474606,6.77578074462892,5.84487832275392,63.2495734694756,313.177960042801,0.1092529296875
2018-09-30,0.989990039978027,-1.08201625488281,-0.490803150634765,7.71563898193361,6.13164955810549,101.072774140889,291.831033986551,2.71476562499999
2018-10-01,0.721361500701904,-0.444063013916014,1.21253055053711,8.38031905273439,5.62082625244143,21.5853378241806,331.929566597788,2.24065795898437
2018-10-02,0.974624376373291,-0.149357447509765,3.01299287841797,8.37598660644533,7.45850826904299,14.2825014021874,354.316047606633,0.4196337890625
2018-10-03,0.999977252349854,0.670360468749998,4.45605670043945,10.1853261279297,9.56588239013674,40.4238961707835,343.219346564525,5.42529052734375
2018-10-04,0.978327731323242,3.86078615112304,4.72169256958007,11.1851737426758,9.13006801513674,53.1148546665276,288.61287618601,1.73118041992187
2018-10-05,0.624106564483642,3.04714669555664,1.23847678100586,9.25359070312502,4.96744476318361,69.4742036932199,301.96929222529,0.0500378417968748
2018-10-06,0.946083675842285,0.043135449218749,1.82950390136719,8.70984385742189,5.95381011962892,106.722540448467,288.907867726617,0.359442138671874
2018-10-07,0.0604993718719484,4.68019543579101,1.83278049072265,9.86877201660158,4.78062742431642,100.874423514413,268.611241033995,0.10007568359375
2018-10-08,0.735986119613647,0.191654301757812,0.0886165026855453,7.51342753662111,4.79555231689455,94.8170769058587,269.912905760994,0.283924560546874
2018-10-09,0.143969758453369,-2.06295204223632,-3.64735960693359,6.89534017089845,2.49261421630861,98.3517169653686,253.715465299532,1.11188354492187
2018-10-10,0.410127923965454,0.416809328613281,0.608500745849611,6.05897438720705,2.96804041259767,96.6336788145627,261.89597844962,0.0971557617187502
2018-10-11,0.384204767303467,0.126710462646487,-2.09748730834961,7.02178164306642,3.93877474365236,82.0711059257754,272.649770456877,0.776077880859375
2018-10-12,0.748960969161987,-0.137344912109375,1.25626947021484,6.49792915039064,4.5283561669922,59.5745184075399,323.873987092613,7.482587890625
2018-10-13,0.763116807098389,1.11055961181641,2.30291956909179,8.52698633789064,7.51607344970705,48.4673090432049,335.555405202974,1.28204956054688
2018-10-14,0.941873601455688,1.70071337524414,4.24051357910156,9.39632189941408,8.61831586425783,37.7443489065771,324.300560690607,0.00694702148437505
2018-10-15,0.958198875198364,0.114336420898438,-3.20615027221679,6.31021290527346,3.37632347900392,84.5461926989889,242.467007510843,3.18977416992188
2018-10-16,0.260136876602173,0.798570197753905,0.317068951416016,3.48045810791017,-1.73259229003904,35.2930710731309,302.113234337586,1.05710693359375
2018-10-17,0.888801925964356,-0.166447325439455,6.4330252758789,7.13118107666017,4.8263562426758,7.77935086166753,323.578102396764,0.131580810546875
2018-10-18,0.646621793670654,0.893324477539059,6.36989454956054,7.56094389404299,6.57670112060549,68.0333812077969,267.426737036126,0
2018-10-19,0.553212996673585,4.17098010864257,4.61501057250976,5.90355136474611,2.1011635083008,66.5584472084553,264.832748734395,6.25091796874999
2018-10-20,0.656399757156372,3.29583855102539,-1.50440932250976,4.7662029223633,-2.61853941162108,54.3299838388019,243.239948986915,15.7880065917969
2018-10-21,0.695140641937256,2.09267149169922,-2.14772572387695,-0.144573989257794,-5.85262640869139,64.8125885044793,242.743077813666,3.27775268554688
2018-10-22,0.377469820098877,-0.206936604003903,-5.59675438354492,1.01653003417971,-5.48053124511717,71.963310728165,212.973921596116,1.90042358398438
2018-10-23,0.0355393055725098,1.87312239990234,-6.03931699096679,0.303195549316424,-7.49863309570311,71.2177290054246,211.81136722015,2.08421752929687
2018-10-24,0.0460312630462648,2.62228879638672,-5.42743559448242,0.584664721679705,-7.87381752197264,65.060273158035,234.877759337814,1.81005859375
2018-10-25,0.482424799499512,0.799891672363282,0.851830229492186,0.69150793945314,-3.44297518798827,58.3067063501062,256.896990461116,1.08161010742187
2018-10-26,0.522032891464233,-0.0990335742187475,-0.463149586181641,2.82858937988283,1.16916811279298,33.1682301025567,295.331523658082,4.36829956054687
2018-10-27,0.911151091308594,-0.508414844970703,1.02718027832031,3.24848980957033,1.88945236816408,23.447368339116,320.053525978156,2.454990234375
2018-10-28,0.982851878738403,0.44608521118164,0.653996069335933,4.05408160644533,2.86837499755861,20.1245776865165,315.826284799479,0.0698022460937499
2018-10-29,0.954959557571411,-1.41765232543945,-0.512610698242188,3.0530950317383,1.55106636230471,33.4924435588038,284.192072527318,0.0500378417968748
2018-10-30,0.649416209335327,-2.4364548449707,-2.20614125610351,1.41863588623049,-0.0643538647460744,29.9724988422693,283.321885218809,0.129017333984375
2018-10-31,0.9173590700531,-2.0216507446289,-2.7106203894043,0.159029445800798,-1.58230829589842,21.5397660476293,294.099394195495,0.107022705078125
2019-05-01,0.796414193725586,1.3673762121582,2.09568322143554,6.11520933349611,1.27173201416017,106.142265452724,326.029246541368,0
2019-05-02,0.953178429412842,0.201068232421874,0.131173919677733,6.30808168701174,4.23409242187502,241.279577528818,275.051373641142,0.0474105834960937
2019-05-03,0.484161008529663,-0.222063912353516,-1.74835354980468,5.82469072021486,0.684866965332047,261.734359069473,255.206753900524,0.0338244628906249
2019-05-04,0.416297381820679,0.453164291992189,-2.25693957885742,6.26901472412111,-0.776114240722639,214.569413538207,267.688755551303,1.46603820800781
2019-05-05,0.512129761962891,2.96657778320312,0.926800240478515,7.08992572753908,1.51411877441408,236.449136088393,266.528926152155,17.7096475219726
2019-05-06,0.715488310928345,2.91282229980468,-1.34302389770508,7.40306569335939,-0.357332773437483,238.496319960377,265.984226373519,0.660747375488281
2019-05-07,0.659075343933106,0.209489338378907,-1.95403271240234,5.68533393310549,-2.10290013916014,208.115342921151,284.898087330653,0.661971435546874
2019-05-08,0.933248661727905,1.3321085180664,4.3509437121582,6.45462097656252,1.66518877441408,260.172860122825,283.137406943005,5.81523742675782
2019-05-09,0.19549764907837,4.12060232055664,2.29984471679687,8.39052067382815,2.54510780029299,275.632125792272,249.942361323962,0.694374084472658
2019-05-10,0.206014714202881,4.7155449621582,1.20510545288086,7.43832713623049,-1.2664785620117,294.970476555541,244.438310876203,0.0360607910156249
2019-05-11,0.394533426895142,4.51881841430664,-1.44807564575195,7.12770816650392,-2.75848530273436,293.885791663276,249.349581680768,2.06486022949218
2019-05-12,0.604183212127686,2.60503040161133,-1.34921874145508,7.27427167724611,-2.43322707275389,267.177988560722,274.432152762811,0
2019-05-13,0.528301567230224,4.65631637451171,1.82394720947265,8.07021997802736,0.674265632324235,232.167160232686,270.902133975749,0
2019-05-14,0.690559906463623,1.05875380371094,-3.03844713012695,7.05400906250002,0.468802333984394,285.29634994602,253.252556780995,3.93419921875
2019-05-15,0.315565023880005,0.776419975585938,-4.50313804321289,6.24659213378908,-2.3620975463867,260.21443450819,261.274934994153,1.75263671875
2019-05-16,0.659169711456299,0.94054480102539,-2.03476744873047,5.39499611572268,-0.928454738769513,151.143875212152,288.690765580815,10.4321496582031
2019-05-17,0.986331178131103,-1.44898619018555,-4.5936355065918,4.03250786621096,0.0198041015625151,278.141687220018,261.925974053876,0.05462646484375
2019-05-18,0.503088653869629,0.52292749633789,-1.83066548706055,6.39047674072268,-0.983609543457017,186.680614584697,293.940052266398,0.856580200195311
2019-05-19,1,1.07250778442383,3.62926147338867,5.87611982177736,1.94898802001955,184.926002580098,309.158323413269,0
2019-05-20,0.729644493026734,2.94842259643554,0.459469669189451,8.80934454589845,4.28049450439455,252.119114335522,279.310523075254,0.0250189208984374
2019-05-21,0.52504080871582,3.05810030395507,2.02674086669922,8.26217630371096,3.22581291992189,266.108986033308,261.413118056624,0.705532836914062
2019-05-22,0.550439183425904,2.00577565063476,-1.92865565185547,7.54975868408205,-1.71984732910155,321.379120059695,243.327090408093,7.85967651367188
2019-05-23,0.143029084625244,0.943460947265623,-1.12648625488281,7.68500063720705,-1.73979020996092,317.062605075405,257.600171013597,11.1197955322266
2019-05-24,0.126377393646241,0.374380415039063,1.81447469726562,9.19221698974611,2.25150097656252,243.808784579278,302.680971026631,11.9785784912109
2019-05-25,0.919197642669678,1.26128320922851,2.96180269409179,11.3180351464844,5.40966548583986,270.474941237232,306.102022977976,7.41766113281249
2019-05-26,0.663667287063599,0.37763291381836,3.83799700683594,11.7930468237305,7.39232451904299,70.3752664871567,335.557658002181,4.63008300781249
2019-05-27,0.793922066421509,0.0169619201660129,2.62485608764649,8.83239968750002,7.08422033203127,214.566464798504,295.713042220084,3.79559631347656
2019-05-28,0.796200897521973,0.280024633789061,2.68111280761719,8.7616452661133,4.46384747558595,245.9364244822,288.205367944267,4.72910949707031
2019-05-29,0.337759612350464,0.617160311279295,2.047871328125,9.58850554931643,4.16954435302736,292.827855917151,287.859180214274,20.7369464111328
2019-05-30,0.625015931472778,-0.263211389160158,-0.276527507324218,11.9518224365235,5.0522321411133,142.826813606425,334.730858885807,5.30612548828125
2019-05-31,0.928524836883545,0.270280021972657,-2.53199960205078,11.5863980126953,8.72406097412112,243.923464953725,315.226287381049,7.45735168457029
2019-06-01,0.538751513900757,0.644095380859373,0.205568808593748,12.0487532104492,8.15275121093752,243.778948263854,305.815432027004,0.0308892822265624
2019-06-02,0.524681363677979,0.857343541259766,0.227279331054686,12.7674491723633,7.84089158447267,324.909362609642,294.62603152123,0
2019-06-03,0.11230374130249,-0.119957084960935,-1.15228287841797,14.9802521606446,7.60042941406252,310.155018292062,312.066754508019,0
2019-06-04,0.166723887176513,-1.10858921752929,0.915398983154298,17.1215567431641,9.05287250000002,269.352584536005,324.374958057012,0
2019-06-05,0.935847726745605,-2.68589056518554,0.372357180175784,15.4256136523438,9.20950634521487,108.995390137313,348.956592782051,0
2019-06-06,0.984182075653076,-2.3281709790039,-4.63154212768554,12.4843373413086,8.65547459228518,68.8574714658652,348.830108915462,0.0250189208984374
2019-06-07,0.984784565048218,0.343969179687498,-0.926012489013671,10.6117980761719,9.08559782714846,105.380701750424,350.982932572483,0.0529730224609373
2019-06-08,0.9355571849823,-0.455350638427736,0.79956475830078,11.9057149536133,9.92490201416018,180.393472975549,344.462184408528,0.0750567626953122
2019-06-09,0.831215272445679,0.306333559570312,0.0799331579589842,13.3990001757813,9.91962614013674,233.312075266713,344.108543288565,0.528986816406248
2019-06-10,0.74455289932251,-0.63957255004883,0.34594542236328,16.0279965258789,11.7828042260742,150.213594295166,351.787648378112,0.0250189208984374
2019-06-11,0.734382498397828,0.118661512451171,0.910376109619138,14.0027970800781,12.4679940014649,225.810382855458,341.615946121515,0
2019-06-12,0.733032655258179,0.827886301269532,1.25034401000976,15.3569951000977,10.8333550146485,328.630512825722,314.636112773975,0
2019-06-13,0.0328234996795655,3.71048078613281,1.40260602172851,16.517755078125,7.13088182128908,310.935799054264,293.753826554172,0.0173675537109376
2019-06-14,0.284621421051025,3.67413469116211,2.00909608886718,14.0847937451172,5.3188822583008,311.683978702016,295.61759976479,0
2019-06-15,0.754482946853638,0.341352413330078,-0.197336822509766,13.8342382617188,4.93448320312502,182.300274082133,352.484512369852,0.0029351806640625
2019-06-16,0.82485392211914,-2.59854758789063,1.95341678344726,15.5236934082031,11.6296249194336,155.668402449147,342.488943740146,0
2019-06-17,0.862931890106201,0.651341464843748,2.96311951904297,10.8847820043946,7.42021300781252,239.428902980256,301.916311621717,0.035439453125
2019-06-18,0.381425314407349,2.02767224365234,3.82959439453125,10.955391315918,6.09919254882814,216.588135909097,315.591731993153,0.0529730224609373
2019-06-19,0.91414944267273,-1.0563313659668,0.492237735595703,12.6010509692383,8.33828515136721,219.67212700131,325.536763396204,0.434808349609376
2019-06-20,0.733126830062866,1.45433641723632,0.200547825927731,12.9031699389649,8.95118404296877,293.969983396603,287.810763046131,0.0458984375000001
2019-06-21,0.257135461959839,1.17085254272461,3.70714547729492,11.1438632470703,5.23053177734377,202.391723484014,306.979306224728,4.46287658691406
2019-06-22,0.822091442947388,-2.47078758789062,0.566148166503907,11.8264082080078,6.74249431396486,144.596561842733,333.766455077129,14.3457989501953
2019-06-23,0.877639210510254,-1.84502520751953,0.0697527453613261,11.0484348779297,9.93153505859377,186.850101695408,326.825637609187,1.28828063964844
2019-06-24,0.73398761001587,-0.259222904052737,2.8712850024414,11.5606379833985,9.75301125976565,257.507298038881,308.484882465135,3.22930358886719
2019-06-25,0.501645710754395,1.45075866333008,2.75694259277344,12.3791536621094,8.38629801025392,271.872533871205,303.014481072198,0.411610107421875
2019-06-26,0.516844572982788,0.577676179199218,1.91754113891602,13.0844432543946,8.13906898925783,241.040177790865,318.572122766277,0
2019-06-27,0.794628049926758,0.160954190673828,0.701383990478517,14.2760321557617,9.79390911621096,220.461023908803,320.004948573033,0.0330810546875001
2019-06-28,0.537484794387818,1.60809197998047,-0.303625759277345,13.7776630395508,10.2358608813477,211.016470433287,317.52800058566,3.89013732910157
2019-06-29,0.757646036453247,1.55979378540039,1.7780253149414,13.4546915844727,8.7848763989258,263.504401231603,317.521056351067,0.0250189208984374
2019-06-30,0.326974485473633,2.88004118652343,2.50712138061523,15.1904564160156,9.63171760742189,332.903663321573,291.885091686041,0
2019-07-01,0.629592476043701,1.49510092651367,3.21951115844726,13.8537378491211,7.69086917724611,211.076287182602,318.661402260776,0.0279541015624999
2019-07-02,0.737364303741455,2.36733478393554,1.65283908203125,13.8862153955078,7.29060658691408,279.035494786879,299.936239548332,0.0750567626953122
2019-07-03,0.221295185317993,4.53302099853515,2.22869446411133,14.2900926586914,6.34610516845705,306.423040227941,296.079235868961,0.00347351074218752
2019-07-04,0.726316604537964,1.50615873779297,2.25750656616211,14.5251027124024,7.41009389648439,202.441846370075,336.374781270109,0
2019-07-05,0.795025702667236,1.71442670898437,4.48488884887695,14.7368986865235,11.2466384155274,255.222587969025,328.950846461113,0.118596801757812
2019-07-06,0.769213262405395,2.74515974731445,4.01798439086914,15.0835146728516,9.70954666503908,139.712887591417,355.141543019762,0.325733642578124
2019-07-07,0.644159248199463,1.99005381958007,5.18419740234375,15.0435797509766,12.6338265844727,297.532015446471,312.260180454748,0.550469970703126
2019-07-08,0.379158369827271,3.86457858886718,3.36701271972656,15.782041069336,9.75773559326174,106.246546541943,332.785544963151,0.425321655273436
2019-07-09,0.513216586456299,2.74774328857422,3.82388443847656,13.3477266870117,11.0733112329102,299.467556809605,306.52432801451,0
2019-07-10,0.409892432861328,2.483249140625,0.752023422851559,16.8495886816406,9.71541218750002,315.637095177185,311.023262845699,0.0029351806640625
2019-07-11,0.181746484069824,0.560813071289062,4.3913730871582,15.8327240966797,10.854001381836,209.014900056359,357.693350121526,0.0250189208984374
2019-07-12,0.664909153900147,0.918711307373048,4.29212007324219,17.9330951000977,14.6191372900391,312.630882546483,312.755714739579,0
2019-07-13,0.274873714294434,3.60017887573242,-0.286868743896487,16.0758195922852,6.77557125244142,279.653474776757,303.308437235392,0.0192260742187501
2019-07-14,0.413269886703491,2.05522516479492,1.33705829589843,15.3190074780274,7.36365040039064,192.903524868306,322.817761805145,5.43521362304687
2019-07-15,0.89720029624939,2.25776736572265,4.09180715698242,13.7988281347656,8.38939104003908,217.363751162007,318.356513953282,3.12733276367187
2019-07-16,0.364419168624878,4.00851037963867,3.66226005737304,14.1041241992188,6.98091327636721,313.060006662098,280.888926549285,0
2019-07-17,0.111264668960571,4.77744857177734,-0.58192611328125,14.2948823095703,3.72819491210939,295.979002422762,287.887677744983,0
2019-07-18,0.449866585235596,1.76254630249023,-0.497074670410161,14.5749763208008,5.50951603515627,261.88738443783,319.226696521052,0.115573120117188
2019-07-19,0.929791802444458,1.39804303100585,3.75905616333007,15.4222561816406,10.2711249389649,266.653776597097,326.399501107335,0.107384033203126
2019-07-20,0.592874112625122,2.78533233276367,1.01406576538085,16.1844296655274,8.76540064208986,177.901717763758,326.58099461382,0
2019-07-21,0.523231445388794,0.853525507812498,-3.34786121337891,13.6988081152344,8.22359787597658,294.80059880793,307.593230986404,0
2019-07-22,0.503230209350586,1.50039382080078,2.00396337768555,15.924588347168,8.3347525708008,286.122747995868,306.983999556409,0
2019-07-23,0.426631394119262,3.15003095458984,-1.20326213012695,16.9122071875,7.38263295654299,210.677063856462,334.663008480061,0.0750567626953122
2019-07-24,0.845339601516724,1.0405346887207,2.67085330932617,15.3996299975586,8.67372666259768,198.484315318682,329.281840122381,0.729703369140624
2019-07-25,0.27173314743042,3.84011662353515,1.40866279418945,14.2391181469727,7.0738422973633,276.726512132974,280.368826702731,1.601357421875
2019-07-26,0.365900166015625,3.11300681762695,-1.40482356323242,13.4750525634766,2.3178237817383,195.700674698523,322.509143484149,4.88985778808594
2019-07-27,0.692806164016724,2.55101329101562,1.61563868041992,14.3418042285156,7.94718058837893,185.155844988082,321.20848094939,0
2019-07-28,0.399861229400635,3.22126369995117,1.65638763061523,14.6541916650391,7.68135481201174,192.305911093481,314.65968846938,0.837445678710939
2019-07-29,0.474510138931275,1.44865472900391,-3.52921970581055,13.5307502124024,6.03159214355471,279.147611369636,302.072463033419,1.62272155761718
2019-07-30,0.687867861328125,0.52639917602539,1.65239299560547,15.0499144555664,8.31436228027346,75.7269275367047,348.129645754618,0.00347351074218752
2019-07-31,0.998679745254517,-3.07826604858398,-0.0927770483398422,13.1633093432617,10.9724682202149,54.9698556135668,366.689949265833,0
2019-08-01,0.956772615966797,-1.88563200073242,-2.69077346557617,12.7702184228516,11.8083526245117,93.3048598381593,357.986120151804,0.298679809570314
2019-08-02,0.946959959945679,0.170972592773435,-1.38153229003906,13.2570479760742,11.4517596728516,85.2033842898795,353.154340874813,0.882846679687502
2019-08-03,0.881068412857056,-0.77429183105469,-0.592415726318364,12.5486657983399,11.6766289379883,166.11796985238,338.593451896544,2.51909973144531
2019-08-04,0.852426692962647,-0.00549860595703305,0.0984186511230449,13.345705600586,11.3536592822266,38.5651310769209,352.656367953804,0.704595336914063
2019-08-05,0.994136467895508,0.845129637451171,2.87611672729492,11.4559839355469,10.2937144873047,88.9908934751945,361.04905667365,0.649763793945312
2019-08-06,0.788509303283691,1.73472346679687,2.46629665771484,13.9030305175781,12.5148003417969,263.609774587104,288.307232204707,0.178067626953124
2019-08-07,0.334683113021851,1.80774844848633,0.451993913574216,13.0694225366211,7.48074029541017,127.45377629181,334.685187553735,0.2261962890625
2019-08-08,0.995859291992187,-1.28243697509766,1.39348837890625,12.236013203125,9.43800369628908,94.6411641974095,344.782171969966,0.470681762695311
2019-08-09,0.646002407608032,2.40621297607422,-2.48449519042969,12.2277740844727,9.09150910888674,251.327725695572,303.185968774798,0.0750567626953122
2019-08-10,0.58754107460022,2.96384701660156,2.47239415405273,13.0597119604492,7.18629869873049,177.992519983648,329.488483249643,0
2019-08-11,0.426553543395996,2.52574510131836,1.7599659790039,14.0400267602539,9.47840702148439,226.208475989403,303.675077461891,0.00934387207031253
2019-08-12,0.488209488601685,0.0859076062011735,-1.58350604003906,13.2022487988281,6.03771236572268,217.582075470342,303.161956931398,0.598828124999999
2019-08-13,0.604490520629883,0.474129173583984,0.104546582031247,13.1992911035156,8.28172918945314,131.987750873629,312.449009780873,0
2019-08-14,0.551233111038208,0.766528798828124,-2.15060657348633,10.3804052929688,7.35104484619143,206.602243127837,286.065876193665,8.06676940917968
2019-08-15,0.280669876632691,1.17119044311523,0.310676386718748,11.682279116211,6.25429671875002,246.143450661179,300.498052209834,8.47974609374999
2019-08-16,0.55992866065979,0.945867517089842,2.24253186889648,13.2913032177735,9.12235469726564,125.39381517988,349.914533067078,0.187283935546875
2019-08-17,0.901427673568726,1.67259213378906,4.04114098144531,14.2803297900391,12.0228925488281,140.73273055095,354.311105860225,9.20208374023438
2019-08-18,0.993892255935669,-0.189427445068358,4.50797071411133,15.3298643725586,12.0116733276367,128.78977724376,337.210203790855,10.8708782958984
2019-08-19,0.468593798828125,1.55464659912109,5.07435102294922,13.2133804003906,11.0539964086914,233.568173783974,289.775364191628,0.462863769531249
2019-08-20,0.587858232727051,4.23527578491211,1.09333826171875,13.3281164794922,6.28445526855471,181.42425376827,318.959152911524,0.723694458007814
2019-08-21,0.321288304748535,1.37008289672852,1.48704285522461,13.6475946777344,10.2127959570313,212.772652570667,314.358966323383,0.193115234375
2019-08-22,0.33125464126587,1.13607159790039,3.8873180480957,14.1286183056641,11.3613607080078,119.235155184766,312.774562969982,7.85167846679688
2019-08-23,0.459499614257813,3.28115405883789,3.6193362512207,12.4395079052735,8.91156604492189,193.376559605501,288.233270038149,1.87719604492188
2019-08-24,0.380258401184082,3.26741306884765,0.438505567626951,12.4708462329102,5.93579767089845,196.972565687855,300.280385916082,1.40088134765625
2019-08-25,0.684823694458009,1.68923370117187,1.24424925415039,12.908126484375,7.96520993164064,193.319253551599,320.602404955321,2.80461181640624
2019-08-26,0.512331650695801,3.09844448730468,2.77102023315429,14.8322226367188,11.0539218945313,217.161150937026,281.39736512587,0
2019-08-27,0.243938173217773,2.02419293823242,-1.12669761474609,12.9096009838867,6.45601716552736,182.795859566946,305.87941304152,2.27655639648438
2019-08-28,0.855138332366943,1.6112348071289,2.34351233764648,12.7631390649414,8.16420395507815,106.42220419863,346.884751378006,0.510120849609375
2019-08-29,0.844765815429688,3.48957529785156,3.92633829345703,14.7522252832031,11.2106323803711,169.248571891148,313.332743277206,4.86334960937499
2019-08-30,0.34770074104309,4.54815531860351,0.0972199389648434,13.8023689575195,6.09388320556642,161.895632494199,305.605770945249,1.12949462890625
2019-08-31,0.566189400482178,2.91308014160156,-0.0852530480957027,13.8849144067383,8.00424007812502,162.812908615762,326.353569982762,0.958773193359376
2019-09-01,0.494263367538453,1.27456871704102,0.154561269531247,15.4010938720703,10.7791492260742,173.206535297945,324.654641751156,2.97874877929687
2019-09-02,0.419510030670167,1.83670932617188,-0.481638424072267,16.3365198950196,11.6383725488281,182.362002297441,325.4249056578,8.6259765625
2019-09-03,0.101659934234619,0.350728079833986,0.809275377197266,16.0809479956055,12.0400304663086,192.43139276783,324.154926134463,0.497381591796875
2019-09-04,0.508302279205322,0.651252780761719,2.30227017333984,15.5839466210938,12.5741599731446,167.137160486217,328.418754441002,0.0661621093750002
2019-09-05,0.721119998397827,3.14402159179687,1.73596630371093,15.6027567480469,10.4348230297852,176.027813593743,308.7776581843,3.16683471679687
2019-09-06,0.482914095382691,0.589194409179687,1.09582442260742,13.7502263720703,8.05188734130861,157.260843251571,322.153476172307,0.0756726074218749
2019-09-07,0.546130440979004,2.80732192016601,-0.141005338134767,14.2127583984375,8.46086621337892,157.390731916961,305.358013284312,0
2019-09-08,0.871555790176391,4.51496378540039,0.853697960205078,14.2379225390625,7.09034606445314,106.548360954223,328.349395532083,6.5432421875
2019-09-09,0.738004243240356,4.08195550048828,4.37738801391601,13.4446919653321,8.63339340820314,187.449581425131,270.672212871496,3.50368408203125
2019-09-10,0.199642502212524,5.87700055786132,0.175924119873045,11.8957690527344,2.72090967529299,110.614185656385,305.00834964443,0.506070556640624
2019-09-11,0.96877533279419,1.21020459472656,1.08618758544921,8.83982572265627,3.77711377441408,69.0822469719294,302.510417249629,8.78380249023437
2019-09-12,0.595829337463379,1.35326691772461,-4.01942529541015,6.07882341308595,3.49309898925783,142.504614016136,271.168473437553,10.4197436523437
2019-09-13,0.720944505767822,-0.997040708007809,-3.00501002685547,7.86200920166017,1.6766578442383,152.092967381775,277.738176369461,0.928367919921873
2019-09-14,0.994764881744385,-2.4911487512207,-3.15582879638672,8.75392396728517,1.34803177978518,52.2871510171386,317.908557725778,6.88909545898437
2019-09-15,0.99873876411438,-3.80060665893554,-4.84838462890625,7.33858910156252,3.33663587646486,17.3337956170203,335.020456413499,7.36330322265624
2019-09-16,1,-2.30411655151367,-5.87440930664062,6.14459061279299,5.3244338208008,23.6950179112026,339.462997308983,0
2019-09-17,1,-1.44713233154297,-4.50640901611328,6.80981307373049,5.36020503417971,39.2043647482069,331.446449256735,0
2019-09-18,0.967020106811523,-1.68261232910156,-3.12563857177734,7.80868546875002,4.73735198974611,61.5473997279003,322.611499833305,0.0500378417968748
2019-09-19,0.937799985733032,0.158941751708986,-0.164154160156248,8.37156106445314,5.03976910156252,127.421827503057,298.277081376801,0.475773925781251
2019-09-20,0.436609369812012,1.69094905395508,0.234579649658203,9.92154644531252,6.98016592773439,138.511637406849,289.93966683009,0.0859265136718753
2019-09-21,0.683874024505615,1.9233717199707,0.209463613281248,10.7412472119141,6.93571531005861,140.370143656359,276.489046616562,0.274158935546875
2019-09-22,0.391189440689087,0.421576014404298,-0.581748135986327,9.62156945800783,5.23561232666018,141.581834844658,283.563057993176,0
2019-09-23,0.335365711517334,0.486965404052736,0.798613112792966,9.43087523681643,7.00810109375002,118.019442901586,300.645547031989,0.303355712890625
2019-09-24,0.376548027801514,-1.05380730224609,-0.426824896240233,9.80860942871096,7.52807652343752,122.873282733774,298.021722414835,0.0500378417968748
2019-09-25,0.373840351104736,-1.70738716308594,0.190656638183594,9.9119960083008,7.99165317382814,113.214727555809,302.068468486676,0.340576171875
2019-09-26,0.22594062614441,-0.628637347412107,0.728252265625001,10.2885797973633,8.19679033691408,117.356691371912,295.100052332152,0.359442138671874
2019-09-27,0.539318631973267,-0.532558364257809,0.723770092773439,10.1716421313477,8.43617535400393,94.3978476608348,312.743624906798,0.655850830078124
2019-09-28,0.431080739746094,-0.71257368041992,-1.66493052001953,10.5160342480469,9.2026737402344,119.078963002709,295.456334043778,0.731701660156248
2019-09-29,0.034425446624756,-1.25149212036132,-0.901501442871092,11.3220765112305,8.74012155029299,111.252440839127,293.176228179709,0.31858154296875
2019-09-30,0.25931619216919,-0.923176776123044,-0.013752833251953,9.99044302001955,8.22837134277346,101.20621551614,288.923993824644,0.3836669921875
2019-10-01,0.447780889663697,-1.56912389038086,-0.260859718017579,8.08047602294924,6.72565599853518,43.060883924045,325.648574675365,0.485384521484376
2019-10-02,0.736722297973633,0.584881717529296,0.278912773437499,7.81567774902345,7.05885496826174,107.62554410098,281.258876759803,0.358930664062501
2019-10-03,0.831085296554566,0.42020032714844,-1.27561676025391,8.82097128906252,6.34887903808596,110.024469952854,268.740725788416,0.350086669921875
2019-10-04,0.733206159667969,0.506657835693359,2.27229020507812,8.61891471191408,6.55445226074221,57.8437779204645,328.277847349861,0.0500378417968748
2019-10-05,0.737158267974853,0.768378039550781,0.574835472412107,8.83001730957033,7.82405598632814,78.7432132897866,322.673102893102,0.44065185546875
2019-10-06,0.913989402999878,0.754669172363281,0.775433085937499,9.3256794848633,8.42117613769533,71.2449730847236,327.823676961581,0.663054199218748
2019-10-07,0.75018455329895,0.302319654541016,-0.509429306640627,10.1422728442383,8.56004211425783,85.4410062506811,268.534251431466,0
2019-10-08,0.212110819396973,-2.22271781982422,-3.84752753540039,5.06579181640627,-2.03383269042967,104.552182693915,232.859431396414,0
2019-10-09,0.0689040293884279,-0.558813984374998,-2.55865020629883,2.85999543945314,-1.67146349365232,95.1851507318522,257.623004309263,0.534345703125001
2019-10-10,0.79854976676941,1.31226346069336,0.708577564697264,4.4021248364258,2.2636399145508,73.3885674709188,276.505187884954,0.216275634765625
2019-10-11,0.693348633041382,0.468892239990237,-1.39101052124023,5.40159947998049,2.72991782226564,88.8936988427403,277.197017211801,0.00694702148437505
2019-10-12,0.456178522644043,-1.44730770019531,-0.798081343994141,6.47054434814455,3.47820645996096,30.6109057286611,317.416231973151,0.138194580078125
2019-10-13,0.979590881195068,-1.34039459594726,1.15988451782227,5.38459000488283,1.38032868896486,29.7579803992612,318.21731637265,0.341065673828126
2019-10-14,0.964309103775025,-2.11642276245117,0.651213642578125,4.78444660888674,1.00642487548831,59.5539995406884,268.398512694061,0
2019-10-15,0.677020944671631,-1.72057481079101,0.659208111572267,2.35435704345705,-1.88409543457029,54.7135978074734,265.656636088831,0
2019-10-16,0.652649059829712,-2.33886368530273,-0.0587041271972648,2.16886307128908,-1.7056901635742,84.148828690713,226.824286617082,0
2019-10-17,0.138943554534912,-1.60265358764648,-0.730639333496091,1.18783774658205,-3.27363415283201,64.0738334460027,248.672894748592,0
2019-10-18,0.803535126037598,-1.38490843017578,-0.62641850463867,1.71521371826174,-2.22563835693358,75.2144754504213,239.001714982478,0.34165283203125
2019-10-19,0.522804131393432,-1.14822750366211,-1.77911958984375,0.764536728515641,-3.39470611572264,52.9270284807905,251.707891250643,0.475130615234376
2019-10-20,0.461090956726074,-1.05007259521484,-3.57369885253906,1.60044996826174,-4.22448484374998,76.626604138537,221.600864455727,0.615888671875001
2019-10-21,0.0942802174377443,0.792826397705078,-0.325674038085937,1.98268008056642,-3.99893499755858,64.4505799800545,256.544696659198,1.68107299804688
2019-10-22,0.847492714538575,3.8989409008789,4.38832990478515,5.13220643554689,1.91104594970705,52.27645685794,280.399174069826,1.43790893554688
2019-10-23,0.731274867935181,3.02078048217773,4.92879570678711,6.24495416992189,4.13518075195314,40.3192092743,287.033637393754,1.0547216796875
2019-10-24,0.60871461654663,3.22201182373046,3.40110849731445,5.31048532226564,3.52724322021486,46.5720914584699,293.006213898813,0.730780029296873
2019-10-25,0.742674100723267,1.91711806518554,2.14448076171875,6.12984652099611,5.40715478759767,31.9883113475178,320.086447566568,0.355701904296875
2019-10-26,0.999335691070557,2.71223137817382,2.80732053222656,7.51677514648439,6.85004654785158,52.818167837628,301.692361004251,1.5854052734375
2019-10-27,0.6325927318573,2.90048104248047,0.981131179199217,9.2398214404297,7.2544068286133,31.7508448829579,320.254802588788,2.70067260742188
2019-10-28,0.902617541198731,2.26736782836914,2.54602580566406,6.45204813964845,6.0509283520508,56.8347533274931,263.303617657835,0.0500378417968748
2019-10-29,0.164505946350098,2.07675493164063,-0.962212907714841,4.79428041015627,1.27257451416017,32.1196032716734,253.623494961535,0
2019-10-30,0.815912971878052,1.16114748168945,0.82223821166992,1.87166093750001,0.16866703369142,23.1555123233309,296.896790544145,0.0500378417968748
2019-10-31,0.994110031204224,1.29601730346679,2.52874468505859,3.79854061767579,2.63526345703126,15.5356380277498,330.898891997623,0
