dates,psl,tcc,uas,vas,tas,tdps,rsds,rlds,tp
2017-07-01,100328.38369625,0.387134666976929,0.335505697021482,0.483066483154297,19.0407533764649,9.17762065429689,301.48500747724,315.717510097027,0.194661369323731
2017-07-02,99983.597295625,0.243251188735962,4.07529387573242,1.28860821289062,17.2587895776367,7.98466836914064,246.409097263967,325.175082456849,0.0369724655151366
2017-07-03,100586.231665,0.630439318695069,2.15543888427734,1.29094614990234,14.4885251367188,7.66959591552736,259.05988155163,326.800006595987,0.477976226806639
2017-07-04,100990.798406875,0.650516008911133,0.891194520263671,-1.8944884777832,14.9951291381836,9.08765302734377,270.622172474295,314.169025471723,0.0181843566894531
2017-07-05,101671.63365625,0.354229220962525,-0.0376168798828127,-0.7565403125,15.1611717675781,8.39009579833986,250.19472366476,318.191654040943,0.549702377319336
2017-07-06,101891.25033,0.42121721862793,-0.0304190258789075,1.15214052246094,15.7541295532227,8.98944383300783,148.416743253584,347.397985567718,0.0644132232666017
2017-07-07,101599.589315625,0.996187095489502,-2.28799686035156,0.720520192871093,16.1497256030274,11.2562421533203,91.6260399254002,365.742950606584,0.0777358245849611
2017-07-08,101062.496309375,0.928889573287964,-0.927589848632813,-0.0921703869628877,15.1551612695313,12.4103569360352,205.426481052816,354.083227066364,0.317801742553711
2017-07-09,100733.707875,0.849531533966065,0.499005415039063,1.36467501953125,16.1238887084961,12.3398135595703,124.156088800745,335.920937103937,1.19991996765136
2017-07-10,101506.954018125,0.614299827804565,-2.00557224243164,-4.21521748413086,11.9209416113281,7.32798055664064,306.196968603814,300.639421760071,2.66809715270996
2017-07-11,101750.1514175,0.374846073303223,0.474275989990234,1.32469060302734,15.71791453125,8.04304376220705,215.227668950945,333.83591425268,1.9822492980957
2017-07-12,100962.387001875,0.890663797454834,1.76505005859375,2.96986209838867,15.9395133203125,11.8691673535156,292.707786270527,306.51281773708,17.9782066345215
2017-07-13,100331.29142125,0.437954464263916,4.03877048461914,-0.126687174072267,15.6928882666016,5.04619123046877,295.396858627677,289.292230732062,1.09621871948242
2017-07-14,100283.969431875,0.205173442077637,2.87087306030273,-1.26331999511719,14.5144156469727,4.06091654296877,288.002306919449,295.423379270193,9.14127410888672
2017-07-15,100662.804905625,0.600855383758545,2.03473805297851,0.377459855957029,14.7310683203125,4.72236408447267,239.148351730862,326.761024298597,10.4116221618652
2017-07-16,100577.159410625,0.863916399841309,2.28234171264648,3.75964160034179,15.2600566259766,8.78807426513674,249.217754527171,328.236478949608,0.778874511718748
2017-07-17,99558.841008125,0.395650556640625,5.16061770263671,4.16269828979492,14.7080762231446,8.57426977783205,262.005969284977,295.259883861077,0.0239424133300782
2017-07-18,100940.760394375,0.305694999389649,4.81425197509765,0.380099785156248,13.7474292285156,2.65152426269533,307.586677388711,287.200371912841,0.0537068176269529
2017-07-19,101337.206444375,0.308941094360352,2.51448123291015,1.35914547729492,13.981133959961,5.59248538085939,252.034748142997,309.142697107658,0.324727020263671
2017-07-20,101429.8247875,0.253639876708984,0.602162528076171,1.77109909790039,14.7288795874024,8.08039060791017,277.692390311503,319.336242912121,0.777221374511716
2017-07-21,101418.405473125,0.647669571762085,1.59009094848633,2.68779839477539,16.3861789624024,9.53715658203127,246.300587198459,323.206632068262,0.0148037719726563
2017-07-22,100979.799120625,0.597363392562866,2.79344302124023,3.07842637939453,16.3071614184571,9.41326124755861,246.303084619802,302.541810660801,0.000868377685546881
2017-07-23,100801.1801525,0.22541397354126,4.63168760986328,1.5857777758789,15.7275663623047,5.29152181396486,271.290725720446,301.687085035738,0.0825999450683595
2017-07-24,101096.70927125,0.349147378540039,2.23393852172851,0.138565795898434,16.2882416845703,6.33149242675783,232.330617123298,335.252286139302,0.338634338378906
2017-07-25,101392.307754375,0.762704050445556,-0.0269251562500007,2.08954867675781,16.7583959375,10.3861470166016,185.334857191737,355.75965764663,13.2072813415527
2017-07-26,101352.07384375,0.579423563995361,0.682589713134766,1.54776815795898,17.2796417749024,12.1227219018555,287.78273484859,307.121295863636,1.91775756835938
2017-07-27,101216.3875625,0.759755941390991,1.60347502929687,0.394611695556639,17.3234451635742,6.86833763427736,219.525266490042,324.707192606732,0.638292999267579
2017-07-28,101100.266645,0.781723367996216,3.00538311889648,0.257572713623045,18.0052613964844,9.26027681640627,221.559403848099,353.504035329499,0.0960618591308594
2017-07-29,100897.836525625,0.575909453201294,0.635692423095701,3.07173362060546,18.4387944262696,13.6086664111328,190.107067185992,354.274172421373,0.0463978576660155
2017-07-30,100374.532499375,0.550315505828858,1.31770022827148,3.58412396850585,17.7885444262696,12.8786524682617,171.659634035047,338.999986864555,0.00306976318359376
2017-07-31,100191.803518125,0.664801416549683,3.73634470336913,4.80596430175781,16.0630413793946,10.5732704760742,249.004911461351,298.963636157356,0
2017-08-01,100614.417308125,0.170790080566406,5.48912900634765,2.74702186767578,15.3038298046875,4.95310620117189,220.360226314654,294.644324137013,0.110272369384766
2017-08-02,100853.10698,0.319074388732911,4.55713367553711,-0.200714447021484,13.9109533374024,3.10727298828127,242.299957140015,294.229213172021,2.77848236083985
2017-08-03,100561.948314375,0.479766150894165,3.19109440063476,0.166509853515622,14.3907169653321,3.0371904638672,119.863047111896,330.85073865161,4.54591461181641
2017-08-04,99461.559970625,0.90301893409729,2.47743268554687,2.96359158325195,12.1399462841797,8.69248154785158,190.059750817463,323.899783824273,3.25188079833985
2017-08-05,99322.084125625,0.642457907943726,2.52441637695312,-1.54836549194336,13.0707420703125,8.79336375000002,243.3385184337,296.883673630243,3.64641662597657
2017-08-06,100214.02723625,0.211831754150391,2.2210294543457,1.53774385131836,13.9134684692383,7.58879380126955,208.006184559575,308.380355094521,0.253665771484375
2017-08-07,100844.560144062,0.436428279342652,0.964287312011716,1.91735067749023,12.8913224438477,9.47050157958986,207.646559678756,317.494578849276,6.31430206298827
2017-08-08,101068.95942625,0.509852832946778,0.854122662353514,-0.173714807128908,14.4322658789063,9.95014188964846,194.243121196768,322.82027155241,4.55118499755861
2017-08-09,100840.059726875,0.690871345062256,2.71894439331054,0.867161772460936,14.7602330761719,8.28168116210939,265.820760475504,285.371070630829,4.98220153808595
2017-08-10,100490.14697625,0.265521078720092,4.45295494995117,-0.970734752197267,14.298990288086,2.91464146972658,258.133773433176,275.469816160516,4.81934814453126
2017-08-11,100506.339413125,0.209433090744019,2.39592303344726,-0.853671721191407,12.8289285400391,2.7157738598633,229.225015846099,295.645549266063,0.878530273437503
2017-08-12,100830.961245625,0.465631467208863,0.36836350830078,-1.17219606811523,13.3932643579102,4.6341048364258,197.845157499221,304.351947860669,5.96986999511719
2017-08-13,101192.021822813,0.601251745529175,-1.11620564697265,-1.35617228393555,12.2084542431641,4.94008991943361,200.340322250552,307.390087472725,9.14539794921875
2017-08-14,101031.121069375,0.533729670104981,0.908697613525389,2.02539195556641,13.5487968872071,6.13556151367189,126.814717079722,316.535555305371,11.6954440307617
2017-08-15,100306.5084175,0.470185809020996,1.75317200805664,0.279636734619139,12.6988559350586,8.68959108154299,186.890545888579,307.59683774069,2.68688354492187
2017-08-16,100925.4199575,0.364012469024658,2.87630840209961,1.22206104003906,14.3238911987305,7.36560288085939,193.655041996364,291.769860437714,3.40168823242188
2017-08-17,100684.076620937,0.444974515228271,4.89916130126953,2.25134978881836,13.6796232324219,4.86566694091798,100.969952251157,330.710267471426,1.66044036865235
2017-08-18,100215.37584625,0.993486486740112,0.332042783203125,0.400296162109374,11.7139291821289,8.24156056884767,147.655282899396,323.377110230476,0.0773510742187498
2017-08-19,100096.19256375,0.338650322113037,4.12199271728515,0.210879460449217,12.6827521777344,6.25334138671877,228.11637315486,288.351026204107,0.0148037719726563
2017-08-20,101494.3414575,0.471916738357544,1.17589153686523,3.08520195068359,12.8210779101563,6.8791127270508,116.406462373059,331.300279945223,0.217981567382813
2017-08-21,100452.94442,0.711147691955567,0.81327066162109,5.121833046875,12.944536081543,10.6560286645508,130.744319489094,320.068419484025,0.178971862792969
2017-08-22,99894.219633125,0.844073503646851,3.20363186645507,1.68738845458984,12.0659960205078,7.83143150634768,195.137258719068,306.809870313999,4.37373992919922
2017-08-23,100571.448300625,0.610616441497803,0.727651763916016,-1.18043279174805,12.8193383911133,6.90432840820314,180.569619876508,296.86673331028,0.060990905761719
2017-08-24,101185.749453125,0.614486344375611,0.18010406616211,-2.16156520507812,10.8518502636719,3.09238988037111,213.921288136717,276.619489948424,1.6379818725586
2017-08-25,101767.32200375,0.213173660354615,0.534003530273436,-0.962091132812498,11.2263119042969,4.06068159667971,96.6570933248393,319.06709669575,13.1812097167969
2017-08-26,101326.86109125,0.997685394744873,0.22422018798828,3.16396312133789,10.4690336279297,6.9651824926758,84.1255108915134,343.646113584674,10.2017959594727
2017-08-27,101369.07282,0.922919499282837,-0.178771022949217,-0.0778632177734362,11.3187834448242,7.87001035400393,149.87291720027,321.172260754732,10.8403866577149
2017-08-28,101167.22710375,0.388973175201416,3.04753579589843,2.68081330078125,12.8715646435547,7.68184056396486,185.784827285199,295.715953033874,0.936837158203126
2017-08-29,100809.0427425,0.52757344909668,2.9235842199707,-0.57575119873047,12.4430961572266,6.28672679687502,193.545625738582,285.483926768882,0.0508007812500001
2017-08-30,102378.98604125,0.516920176315308,-0.0365950476074208,-2.58091243652344,11.8276712915039,4.67992559082033,199.114693289381,292.263925093433,0
2017-08-31,102719.134355625,0.371178564682007,0.434593669433593,3.18242204711914,12.6800925903321,7.99931062988283,170.962496976735,312.625644977956,0.0493524169921876
2017-09-01,102302.093388125,0.663083266143798,0.823583580322262,3.44867469726562,12.9467457788086,10.3202986694336,176.623163191588,307.229875143935,8.47117919921875
2017-09-02,101870.48466875,0.322694810562134,-1.07064112304687,1.94479956298828,13.3905768896485,8.53086765625002,127.552406420056,327.954951819076,0.504050292968751
2017-09-03,101333.951266875,0.811380720291138,-2.43586515258789,-0.274443073730468,14.1716449804688,8.6631758496094,115.743593273056,337.203648296867,0.833871154785155
2017-09-04,101244.300590625,0.872810030059815,-1.94536037231445,-1.03683846069336,14.1673623559571,7.97536590087893,112.755668517398,332.390982731666,0.585632934570312
2017-09-05,101249.254836875,0.730340544433594,-0.22776267944336,0.100777432861328,13.8220281396485,8.55664234130861,90.5406297000575,330.610394321396,0.0888226318359377
2017-09-06,100199.169356875,0.861620889434815,-1.05094426635743,2.57130071655273,11.7653860180664,9.6881640551758,100.34051863568,327.4203282443,0
2017-09-07,100108.183769375,0.714176898345948,0.969727651367182,-0.0206264843750041,11.0536281298828,8.72630235107424,92.4960518265635,323.861533171071,0
2017-09-08,100118.2007575,0.77548502609253,0.520320064697263,1.47797497192383,10.8123461303711,9.20578041259768,99.5907878181043,319.679585013487,1.52302124023438
2017-09-09,101051.0087875,0.784793531951905,-0.378181368408203,-2.60136840332031,10.3236044799805,7.35464994384768,174.131938942573,291.919873540465,2.26536682128906
2017-09-10,102159.4576525,0.568352273483277,0.840778449707029,2.68920296630859,11.636378881836,7.27721137939455,62.4539807421169,352.442920917826,0.32315887451172
2017-09-11,101931.547429688,0.95502624710083,2.22905848388672,3.91913041137695,12.9489153295899,11.3602500756836,129.389393506769,326.192298572863,0.666759338378906
2017-09-12,101905.5205025,0.999097039108276,1.26838114013672,2.51498487670898,12.7223625854492,9.22691874023439,111.932668629316,344.866966725304,0.0125094604492187
2017-09-13,101418.35182875,0.989288894729614,1.3386223461914,4.70007117553711,14.2949093701172,11.4261868481445,146.404831428444,330.88357941042,0
2017-09-14,101467.33739125,0.185210659713745,2.16591666625976,-0.747606640625,14.9240474291992,10.6014016650391,154.784061190065,307.445654623536,0.0104205322265626
2017-09-15,102640.195553125,0.466397354049683,0.347492104492188,1.7979601171875,12.9200284521485,8.94405706542971,132.023120579697,335.733725258724,0.275525207519532
2017-09-16,102040.914070625,0.335701858825684,2.07357446777343,2.59662376831054,15.3607838525391,13.2135422021485,116.548991745111,329.789706965834,0.630820617675782
2017-09-17,100826.6197475,0.778638257827759,1.88103115844726,0.0475748779296839,14.5123486083985,11.7276726416016,145.034067585027,289.290489932675,0.00667785644531254
2017-09-18,102237.019514375,0.47884569015503,-0.638173250732421,-2.37742739501953,10.5626757714844,4.24266573730471,131.264473380074,287.912469914034,0.538621215820314
2017-09-19,102659.245338437,0.336201091003418,0.889890155029295,1.56103674438476,10.4811045703125,7.47147084960939,95.0003529302343,324.812204954952,0.0255764770507812
2017-09-20,102103.720125625,0.723225509796143,1.85574560913086,2.65621368164062,11.5599993041992,9.48039637207033,143.260234727935,292.252468623391,0
2017-09-21,100429.3513575,0.438540592727661,3.85057174926757,2.5134807446289,12.1110951196289,7.6393960083008,119.033934040781,289.859272428759,0.00347351074218752
2017-09-22,100226.3195775,0.341767852325439,2.27405350463867,-4.08181939697265,10.1624963842774,3.22986202880861,133.871937706691,270.623511259009,2.13401611328125
2017-09-23,101480.09407125,0.112065441894531,1.07330237915039,-2.43763533813476,9.48914200683596,2.44352183105471,140.047521192144,278.338675358085,1.16653747558594
2017-09-24,101917.0877525,0.630833914871216,0.567865404052734,1.68996339355469,8.75396767089845,4.18069485839846,79.3579122141532,330.658340260075,0.0330810546875001
2017-09-25,101507.453781875,0.819582580795288,1.90791080810547,1.84033259277344,11.4793438378906,9.49705770996095,120.46764826204,296.654213562865,0
2017-09-26,101519.0275775,0.515425792312622,2.71566748901367,3.50354385742187,11.6457952026367,8.86674878906252,64.2795028254589,349.515961118486,5.91387145996095
2017-09-27,101654.99036125,0.6976804322052,2.46127777954101,2.36060323974609,13.5014254736328,11.8287130151367,53.6483366713344,329.863810406416,0.96741394042969
2017-09-28,101934.811935625,0.66360389503479,1.50819098876953,2.54737208007812,11.2389047265625,9.43190287109377,79.9960114265792,334.423336623685,1.13018798828125
2017-09-29,101673.302855,0.691622288742065,3.69632240234374,4.02654415771484,13.652106850586,11.336349753418,37.2357847004065,335.56041331973,0.667247314453126
2017-09-30,100464.410613125,0.813662634124756,4.29763578735351,3.94054302368164,11.291037265625,6.97110696044924,108.574352774407,261.309428611641,0.00347351074218752
2017-10-01,100267.863811875,0.356755112609863,4.89692480712891,-3.45948811035156,9.37495784667971,-1.52670037353514,114.643600534327,243.572398055078,0
2017-10-02,101766.7427425,0.143896311035156,2.69167872192383,-4.99268442016601,6.85002108886721,-4.55726837646482,97.1064826777653,254.87357665484,0.173966674804687
2017-10-03,102544.39694,0.619640499572755,1.07797538085938,-1.07833340454102,5.00121291748049,-2.01095062255857,75.9732890499854,288.152167370401,8.17133239746093
2017-10-04,102713.42440375,0.64996113319397,0.461196997070313,1.91499466186523,6.77148369384767,3.47634189941408,72.30042895024,315.241519375687,2.91898559570313
2017-10-05,102261.362268125,0.755558908157349,1.68460717651367,2.9749878540039,9.24596362304689,7.73581114746095,76.2161585348657,309.135299539892,0.257701416015626
2017-10-06,102039.265213125,0.534960663604736,2.07904344726562,0.528783511962888,9.8099417919922,6.71529218505861,89.8440918711648,270.666855836344,1.19695373535157
2017-10-07,102024.557663125,0.42152719619751,0.998747994384766,1.27134733398437,7.48550838623048,4.56125145751955,42.9979828498899,320.47993933917,0.540267333984375
2017-10-08,101140.478240625,0.70922974975586,2.02779854858398,3.54975912719726,9.23829149414064,7.58380398925783,80.6831630661832,285.944095140236,0.560852661132814
2017-10-09,101217.585335,0.637150369415283,3.27778240356445,3.77201465209961,9.35221630615236,5.88934313232423,44.8955006412227,312.161692548675,2.84013366699219
2017-10-10,100530.597893125,0.409804040756225,5.96669044189453,3.50336364746093,10.6136978027344,4.68453997558595,96.4667777770156,252.473801262524,0.695279541015627
2017-10-11,101355.566503125,0.15540626449585,7.40118306762695,1.70961498901367,9.22474263183596,-0.303612993164049,56.220138788282,272.38006981107,0.892599487304687
2017-10-12,100928.032141875,0.999659117202759,-0.0895708544921859,-1.97188568359375,6.57132349853517,-0.685456840820296,70.7155975081009,260.922411740464,0
2017-10-13,101105.019811875,0.398660202484131,0.961336102294922,-6.25598131713867,6.03649573974611,-2.39549166503904,91.6739887085224,233.976240484779,0
2017-10-14,102376.01107,0.156852782745362,1.25961337524414,-2.99891775878906,4.22266062255861,-2.96992917724607,37.3086920525209,273.53117435403,0.0173675537109376
2017-10-15,102467.439298125,0.742751820297241,0.936237310791016,-0.163569421386719,3.23856473388673,1.22501860351564,70.4814543016304,255.053802487697,0.0661621093750002
2017-10-16,103270.7049225,0.862652304153442,1.17110223144531,0.398969573974608,4.21227960693361,1.86763551513674,66.9473575308182,275.616397916327,0.0785302734374997
2017-10-17,103436.37607125,0.635697447433471,0.253278826904298,-0.0818664941406262,5.27460371093752,3.58429958496095,64.5575495424013,287.049359580812,0
2017-10-18,103120.568549375,0.598582564926146,0.385325516357422,0.794532731933592,4.66636906738283,3.23212041503908,47.8596392126603,300.397508719299,0.355496215820313
2017-10-19,102912.769031875,0.637016825408935,0.251171901855469,-0.905180998535156,4.47510774169923,3.45677217773439,35.3670716396753,312.860734435946,0.803311767578123
2017-10-20,102376.673279375,0.903640668716431,1.98400842285156,1.66633518676758,5.58006496826173,4.84223070068361,48.3120432015622,300.85793877945,0.0314276123046874
2017-10-21,102361.873886875,0.927959969558716,0.0720541906738295,-1.26802930786133,4.54148444335939,3.79073539550783,70.5118154168693,261.205303018664,0
2017-10-22,102341.66725875,0.160278426361084,1.46003377685547,-0.217188782958984,4.48715625488283,1.5108878442383,63.5319911478423,272.767047808188,0
2017-10-23,102326.8642925,0.797007957763672,-1.02770528076172,0.752277158203123,4.95781980468752,2.21595628662111,14.3175259824513,342.326946997168,0
2017-10-24,101973.4177025,0.999784998016357,-0.550339868164063,3.64031669677734,7.9229379638672,6.90860806640627,16.9759219652141,349.211792455184,10.6486651611328
2017-10-25,102103.782625625,0.924834757919312,-1.18308094482422,2.12059403198242,9.12824406982424,8.48749312011721,37.8901930033881,317.233819711434,0.281605834960938
2017-10-26,101350.807211875,0.936174636230469,-1.21961777954101,2.93762638916016,8.80658314697268,7.70502179687502,21.1704235998601,338.737403490318,0.0296075439453126
2017-10-27,100853.571343125,0.960037288131714,-1.69792245483398,1.25979847412109,7.94986452148439,7.12575748779299,27.5897161550831,338.669551188276,0
2017-10-28,100526.502529375,0.784793887634278,0.26659357910156,4.88731436157226,8.81416350341799,7.94060696044924,43.851524475369,303.792907583377,0
2017-10-29,101315.65680625,0.846610581741334,1.02058010009765,2.25803096557617,6.73906868164064,5.94693765869143,8.14106356397424,340.246027077801,0.445972290039063
2017-10-30,100813.118274062,0.996471545944214,-1.91356560791016,3.22305384399414,7.93303822265627,7.30224201171877,22.6313458708005,318.875948200071,0.0626885986328127
2017-10-31,101017.21884375,0.820096587677002,0.720730104980468,-0.870163448486328,6.65400174072267,5.42439255126955,38.5738692071785,289.753728406652,0.347806396484376
2018-07-01,102299.665704062,0.0618294998931883,-0.696453239746097,0.783413110351562,19.5445947949219,6.90399722412111,328.46222879607,318.324113416539,0
2018-07-02,101651.648481875,0.12483859413147,-0.17586343261719,-0.0378413684082051,20.1162394433594,7.62269703613283,322.49695931066,327.351312979705,0.611224060058593
2018-07-03,101371.47198875,0.0806183923339844,0.132547499999996,-1.00276187866211,21.8185164404297,7.28032082519533,330.18207257587,324.81671259781,5.01056945800781
2018-07-04,101263.922758125,0.0036327837371826,0.284808223876951,0.967592083740232,21.4697607983399,9.06839467285158,330.777291566352,314.979348030934,6.61942977905274
2018-07-05,101375.274436875,0.282521281433105,0.837701433105466,3.77936796875,18.2495652319336,8.94741994628908,260.482674058215,343.350670666447,0.0125094604492187
2018-07-06,101506.778958125,0.443627074356079,0.0860221484375016,1.29744146118164,17.5250569799805,11.0046679370117,284.763680977964,341.42714796575,0.280265350341797
2018-07-07,101830.24891125,0.525499643936157,0.523636735839843,0.111731311035154,20.686447331543,10.2812167626953,280.663178717637,343.819302501489,0.295617065429687
2018-07-08,101668.73228375,0.282866100692749,-0.154506811523438,-2.88194077270508,20.2670474511719,8.24532989013673,205.937203717486,326.301406445568,0
2018-07-09,102270.0289525,0.704271156311035,-1.47466513793945,-5.31772348999023,15.7161180444336,4.39834191894533,227.474264699401,351.254875410092,0.0153933715820313
2018-07-10,102309.2488025,0.540694280929565,-1.89472279418945,-3.53383772216797,18.596921237793,12.0831839868164,301.602127673051,333.725233521269,0.0793443298339843
2018-07-11,102128.721063125,0.218047394180298,-0.800954805908201,-1.76458170776367,21.6446596191406,10.1694871289063,273.096369884859,348.890942197753,0.309372406005859
2018-07-12,101691.39602875,0.49752797782898,0.699284970703122,0.56827904052734,23.4208434008789,10.0994720751953,311.698509067271,333.328681127522,0.309556579589843
2018-07-13,101733.512069375,0.0733167596435545,-1.50834915283203,-0.0836807580566429,21.058958491211,10.3672775585938,309.027827933277,326.74616030383,6.05105712890625
2018-07-14,101725.92294375,0.105296374740601,0.158143747558592,2.12491295532227,20.3111140039063,10.3127514501953,310.958988853508,312.747278120327,9.37083847045898
2018-07-15,101517.266679375,0.328340198364258,0.363765373535156,1.77490333862304,19.519675834961,10.3224974072266,307.992560505099,329.764379093268,0.753156585693358
2018-07-16,101429.920527813,0.429510964126587,-1.15393997192383,0.30504474609375,22.088878659668,9.95931023437502,280.499172375368,344.358156711812,0.579731750488281
2018-07-17,101452.1504775,0.171913385162354,0.379879686279295,0.603753555908204,23.2661281591797,10.4826455126953,277.565505378389,349.455732398946,0
2018-07-18,101397.78810625,0.223218241271973,0.138699305419919,0.991390684814453,23.8073274316407,10.491932788086,281.646532682608,339.337242568063,0.0511849975585936
2018-07-19,101207.773754375,0.448730155334473,0.2796117980957,1.86517662475586,22.4900782226563,10.1180344970703,221.270850231152,362.85726723716,4.56881912231445
2018-07-20,100837.615786875,0.982023896255493,-1.09730913085938,0.486605463867186,20.6501915869141,14.4578555737305,173.037395209334,368.536492023257,0.44670181274414
2018-07-21,101237.848626875,0.87659492263794,-0.181737478027346,-0.100170096435548,18.8860806640625,16.4699099243164,193.224271896143,368.503230997928,0.0644282531738279
2018-07-22,101634.641045625,0.585547852249146,0.215825881347655,0.24736809814453,19.2717803759766,16.8733073754883,256.40122862081,363.278910940593,20.6091737365723
2018-07-23,101999.72646,0.417938678207398,0.928300506591796,-0.110008792724612,21.1537185595703,16.682598125,263.878094729693,364.901725421214,1.33624008178711
2018-07-24,101998.433776875,0.254369255218506,-0.448691622314453,-0.16687872680664,23.0341585229492,17.0530563110352,234.331089545057,360.291899962392,7.09783279418945
2018-07-25,101609.927285,0.690573310928345,-0.372583613281251,1.88089102783203,21.2171565600586,17.4227821386719,263.239395813774,356.483091347537,1.52099899291992
2018-07-26,101545.32884375,0.818119300689697,-0.51381487792969,-0.354681433105471,21.9011226538086,15.7776479370117,152.002743532052,383.583369334162,1.09885055541992
2018-07-27,101661.90283375,0.944119063034058,-1.59935057983398,-0.855974461669921,20.8630343920899,18.0109025390625,198.277053999045,383.171223938496,0.0814527893066405
2018-07-28,101487.469845,0.973809683456421,-0.0435226904296876,1.23732828125,21.4934996875,17.8472265869141,177.96432965283,375.245813750464,11.8670573425293
2018-07-29,101360.18569,0.94465033493042,-0.602535728759765,0.272584333496095,20.8950211621094,17.0482561328125,176.068130735107,379.093506618298,8.22906158447265
2018-07-30,101427.160275625,0.623884098739625,-0.599275628662108,-1.09723188110351,21.0117116894531,17.9140296264649,257.168420528536,364.29161079153,2.9614811706543
2018-07-31,101742.101126875,0.173273084564209,0.0422503576660152,1.9410687109375,22.4385574975586,17.4827472875977,259.524831432412,361.895929501477,0.811354064941404
2018-08-01,101821.46484625,0.203865865707397,-0.212374490966797,1.90139986938477,22.5513031518555,17.8322859521485,247.620340689461,363.643550338166,3.79277099609374
2018-08-02,101522.947076875,0.255265943908691,-1.4967940637207,0.0946462902832037,23.0443266870117,17.3056990722656,207.548443446626,372.621473814973,1.57733474731445
2018-08-03,101438.80181625,0.727802921829224,-1.90192128784179,-1.31811190307617,21.73099453125,18.2803905444336,150.504992355557,385.81619320006,3.62555236816406
2018-08-04,101101.843940625,0.939984854507447,-0.866313552246093,-0.16163578491211,20.1221917382813,18.5002068261719,191.398581042491,377.702738752293,0.452832183837891
2018-08-05,100044.4986725,0.991879031600952,0.0983034228515637,0.190835471191408,20.8648228588867,17.4263511572266,71.1753629166339,373.573194724411,0.018764190673828
2018-08-06,99358.00859,0.999142311630249,-0.0769565783691412,-3.27021263183594,14.804225168457,12.1384135913086,39.7297220743922,365.472865486839,0.000733795166015625
2018-08-07,99444.80507,0.995224220657349,-0.516377674560546,-3.22244699951172,13.4469589306641,10.0930999462891,163.359876126933,346.890659761111,0
2018-08-08,99753.576340625,0.984912356948852,0.127858621826169,-1.87959123046875,15.7872102954102,8.3673189770508,141.346952082892,337.324850506055,0.222056579589844
2018-08-09,100501.201315625,0.904180019836426,-0.583230319824218,-1.11716355102539,13.3481716259766,7.15229738281252,95.5588119929159,345.972782513834,0.45153076171875
2018-08-10,100783.537244375,0.980322194976807,-0.466017617187502,1.60144759277343,13.6610163012695,10.7139785107422,96.3714846550031,357.763101089566,0.193083343505859
2018-08-11,100709.89513,0.874783841171265,-1.48973624633789,2.32944263549804,14.2642598144531,13.2799820263672,109.323540303285,367.794047958672,0.615881042480468
2018-08-12,100747.808680625,0.977874281311035,-2.06528603393555,0.952129572753905,15.8848955883789,14.1753807788086,90.6485289213363,359.616574570477,0.384795837402343
2018-08-13,100931.897864375,0.983483613891601,-1.94413994018555,1.155398203125,14.9539617944336,12.7954255371094,160.972951930093,345.022404181701,0.543984069824218
2018-08-14,101392.830533125,0.78351154586792,0.286440021972652,0.833702656249998,15.0966269604492,12.25935953125,136.855670700861,340.02891545052,0.273993225097657
2018-08-15,101790.2471525,0.915657155532837,0.148253488769529,1.58674344604492,15.1563177368164,12.371551171875,188.157514094457,327.104197748171,1.24865509033203
2018-08-16,101833.014348125,0.558169868011475,0.183426970214843,1.64511928955078,15.8123468041992,12.1995897119141,125.623263158374,348.047740953819,10.9670318603516
2018-08-17,101521.373116875,0.955309552612305,-1.27912281005859,1.02916796752929,15.8666603393555,12.8507122509766,51.6725540186619,357.830966191604,9.19817016601563
2018-08-18,101706.140347187,0.726667342453003,-1.41419329833984,-2.02305822631836,13.0374406298828,11.9843747900391,190.880264661975,324.711957286536,3.04782287597656
2018-08-19,102375.24057125,0.500037801742554,-0.358741308593749,-2.06000394287109,15.7294784179688,10.4985763134766,192.411182049018,328.925396277479,0
2018-08-20,102214.691463125,0.699700687332154,-0.863899907226563,-2.64816263061523,16.0828188671875,10.55939703125,89.1068709158518,348.008526508363,-0.0148037719726563
2018-08-21,102071.212761875,0.679961560287476,-2.09669130493164,-3.27395186523437,14.0545353173828,12.1669728564453,112.352906703615,361.654614979012,0.0496215820312501
2018-08-22,102025.993509375,0.879925731582642,-3.04334643554687,-2.33285575683594,16.0414686523438,13.5358911450196,163.848316369817,333.315804213536,1.40946929931641
2018-08-23,102149.074473125,0.464785487976074,-1.97013746582031,-0.989435081787109,15.2989119165039,10.9655000048828,204.090061019533,309.984631389075,1.55733215332031
2018-08-24,101790.76517125,0.343237163391113,-1.22503209838867,0.0102306420898432,16.0036181103516,10.5707285839844,217.196020021048,304.787699529507,12.2521948242188
2018-08-25,101525.876440625,0.503058988571166,0.121537617187502,-0.0921565624999996,15.9052980004883,11.315013984375,224.708168606401,306.656311138422,1.91552673339844
2018-08-26,101204.9912225,0.294129856262207,0.988509141845702,0.118059794921875,16.4907470703125,11.7011535180664,209.411798524058,313.238797947312,0
2018-08-27,101210.821081875,0.159254706497192,0.0779020568847636,1.49449314941406,16.1048278076172,12.2674141503906,181.317966398276,318.828246883529,0
2018-08-28,101307.2715,0.610059734954834,0.792073874511717,2.78444607421875,15.4243362792969,11.6417313500977,111.431155324368,358.997744566083,0.131145324707032
2018-08-29,100688.210959375,0.951069212265015,-2.62400220703125,1.48449116577148,15.7181836181641,13.5524591967774,106.762065886406,350.949023962196,2.52546936035157
2018-08-30,99801.98761375,0.850461867904663,-0.388508131103518,1.96180085083008,14.0304361059571,12.6209531054688,160.429712536129,332.349160879721,3.27595916748047
2018-08-31,99672.742260625,0.570737620239258,1.78883933471679,0.541519045410152,14.2279734716797,11.4183532519531,112.267133459733,327.518397069039,0.04972412109375
2018-09-01,99858.60178375,0.621641101837159,0.207160059814452,-1.80601315307617,12.5314439208985,8.72907416992189,109.423440949602,328.057464612621,2.17640411376953
2018-09-02,100281.443574375,0.633068535308838,-1.21503737304687,-1.2807048071289,11.1077854223633,7.47046825195314,105.403954127425,322.715755322533,0.0411624145507812
2018-09-03,100134.680393125,0.855744643554688,-1.20651862060547,-0.755475073242188,11.5658541821289,8.25173981689455,78.9978289038655,341.953872639602,0.851000366210937
2018-09-04,100531.5902275,0.928730077819824,0.141199462890622,-0.783903670654296,11.1844473901367,9.20333010253908,124.880635864223,325.017295016094,2.62886810302734
2018-09-05,100993.772319375,0.893797803268433,0.310062369384761,2.1906116796875,11.350127319336,8.72863087402346,104.929963657232,320.183263888044,0.524396362304689
2018-09-06,100414.86433125,0.694943781356812,1.96521773071289,1.53212781127929,10.5307139990235,8.7430426879883,193.904712071443,274.968573077695,0
2018-09-07,101356.7588625,0.295579493865967,0.383725635986329,-0.79149365966797,11.5311400048828,6.24511178222658,99.5982516376994,323.728679647465,0.275208129882811
2018-09-08,100928.11179125,0.981865581512451,-3.26240146728515,-0.462863800048829,10.9185591699219,6.67081898925783,19.4396850090803,354.792814253626,0
2018-09-09,99619.86812625,1,-2.7224496496582,-3.01049102539063,9.73962008056642,9.39147905029299,21.89907803967,346.220392737786,0.662965698242189
2018-09-10,99921.8920853125,0.999950101928711,-0.621233574218748,-6.14505700683593,8.17762727783205,6.97473562255861,120.266512451358,308.303712277055,0.431377868652342
2018-09-11,100595.350173125,0.945293609771728,0.248267194824219,-3.18373936279297,10.3779785546875,5.36879533447268,96.4029669550325,314.550694137376,0
2018-09-12,100510.637838125,0.929218902053833,0.163081784667969,-2.72981417236328,9.28249131103517,5.95346963378908,123.912709686415,307.285523835458,0.00173675537109376
2018-09-13,100804.0277475,0.617416270980835,0.256568968505859,0.712370695800781,10.0906691918946,7.58141126953127,70.46608008482,318.760187885263,0
2018-09-14,100675.06959875,0.567215880584717,2.95442841796874,3.141281015625,10.9746709545899,7.78377514404299,152.189602607019,285.769017750011,0
2018-09-15,100986.75894,0.415697180938721,2.00405154174805,0.383528138427733,10.8015609594727,6.53371692382814,140.20865512061,305.974105511892,0
2018-09-16,101087.354328125,0.80022248374939,-1.03003855224609,0.619808002929688,11.2861863476563,7.85460032958986,59.5615306787783,335.669475918377,0
2018-09-17,100793.4580675,0.99913303642273,-2.24862197387695,1.79957692016602,10.2562046337891,8.62826617187502,61.098129367525,331.769710772576,0
2018-09-18,100570.47289125,0.854556281738281,-0.439401062011719,-2.53061308959961,9.09847232910158,7.55620286132815,66.1805657414697,320.542848946655,0
2018-09-19,101448.865179375,0.905808143844604,-0.407045362548827,-5.45393751098633,9.43236254150393,5.28657902099611,128.662217229402,283.863556376289,0.0029351806640625
2018-09-20,102183.56515125,0.321335249633789,0.496309694824218,-1.89294704467773,9.39831706787111,4.97520058837892,122.867061935964,285.331994614954,0.628617858886717
2018-09-21,101943.5101925,0.812356689987183,0.0325538525390623,0.50242928955078,9.30532406005861,6.43936824951174,106.948517257812,307.188138625293,0.43053955078125
2018-09-22,101212.21391375,0.884826474456787,-0.154747121582032,3.08377705444336,10.065338894043,8.15120560302736,73.175478834815,325.418656415556,0.251106872558594
2018-09-23,99690.070566875,0.756153724822998,1.68184938354492,4.86310669799804,10.7122185766602,8.54620714843752,108.959633586936,297.563206665122,0.326589660644533
2018-09-24,99311.685935625,0.802672544631958,1.01503779296875,2.02705075683594,8.89359311035158,6.18796986328127,101.672990107391,299.909849750214,0.122564086914063
2018-09-25,99420.90519,0.433010819320679,1.27399657348633,1.32644573730469,8.93374754394533,6.09423923095705,108.695489087322,280.162818834505,0
2018-09-26,99715.329678125,0.343265764160156,1.39815904418945,-1.02865161865234,7.53434975097658,4.87867869140627,133.503607406714,259.303055866033,0
2018-09-27,99997.1456625,0.354601641693115,1.2029333984375,0.281529780273437,7.45399085449221,3.45162480224611,66.7966494357193,306.651120977286,0.0209432983398438
2018-09-28,99469.699676875,0.946064193572998,-3.73034820190429,-1.34543144287109,6.93448754882814,5.21539071044924,14.7848500253606,337.678010441002,0.0292556762695314
2018-09-29,98743.666485,0.996449007949829,-1.08370708251953,-4.86618031860351,5.99680742431642,5.33674058593752,85.4894338484494,299.036191272557,0.0566268920898441
2018-09-30,99590.513195,0.713243630142212,0.223337784423828,0.62381763671875,7.08991250244142,4.32298180664064,85.1284976792027,287.216557862699,0
2018-10-01,100287.6262625,0.670023853378297,-0.372852334594729,0.918066683349606,6.52384594970705,4.76124567138674,82.933942718353,298.941415365177,0.10353759765625
2018-10-02,100511.590328125,0.817600500869751,1.59199299560546,4.19423895141601,7.28001276367189,4.85653312500002,110.813508134372,286.332598707186,0.1779150390625
2018-10-03,100779.287975,0.744983279190063,0.0840496008300794,0.22874078491211,6.59032108154299,3.52312716796877,8.19090959087288,331.576877418231,0.257536010742189
2018-10-04,99443.69250875,0.925501450119019,-4.00885721923828,-0.753207573242192,7.56181879882814,6.58294120849611,31.8717754477978,322.022704781301,6.41992431640625
2018-10-05,98776.807135625,0.937588814697266,-0.54081867675781,-2.2200192956543,5.96824698242189,4.46814630371095,69.3993090232864,297.086301588548,14.6359875488281
2018-10-06,99600.088171875,0.892779987258912,-1.68881725463867,-3.10169832519531,5.03936984130861,2.75168157226564,29.2624323662868,320.973579224668,21.3630694580078
2018-10-07,100518.814395625,0.96714429359436,-2.3920405078125,-4.94419361450195,4.6766005419922,3.2046666723633,47.5719209139372,295.211255848564,5.04913696289062
2018-10-08,101760.723785,0.682964697113037,-1.26072819335937,-2.68669076416015,4.68329306640627,2.01097329833986,89.444648100658,252.758039858768,0.395858764648438
2018-10-09,102814.171711875,0.148697856826782,-0.861771109619138,0.136916256103517,3.86019772216798,1.07549221679689,76.5823009837613,283.757707050585,0.851752929687503
2018-10-10,102612.022066875,0.642750646133423,-2.33916949584961,1.06906848632813,5.90776359619142,3.24484230468752,43.5505311590965,311.418346558481,0.967988891601565
2018-10-11,101436.392295,0.878793782882691,-4.40198000976562,-0.463706480712892,5.59762288085939,3.46081711669924,16.5360084015452,335.470454003247,0.709285278320311
2018-10-12,100491.009535,0.997330645370483,-3.44823739135742,0.862592374267575,6.77345539306642,5.99788748046877,10.1801768017617,340.506067045526,0.565561523437502
2018-10-13,100166.748368125,1,-4.98001347045898,-2.04727446044922,7.20955229492189,6.66175164550783,33.3037147363475,331.356565792077,0.539309692382812
2018-10-14,100348.64354875,0.885675236511231,-2.75088023925781,1.39006437011718,7.91593687988283,7.31499074707033,32.3198421345226,322.723086401434,9.39149536132814
2018-10-15,101119.338445625,0.954725370864868,-2.26993424560547,0.609828035888669,7.25607955566408,6.70550955322268,19.7595246594597,337.296124945796,1.14444763183594
2018-10-16,101242.60026375,0.995298958740234,-2.18250108886718,-1.14373938232422,7.20841138671877,6.14162637939455,37.0552407639581,320.703340979051,0.620721435546877
2018-10-17,101421.56025625,0.980858302841187,0.749120462646484,-1.17920941894531,6.4287505395508,4.57789285888674,57.3450877256331,277.440387792801,0.110945434570313
2018-10-18,102254.266450625,0.590160313949585,-0.0845969787597636,-1.60519243164062,4.64676249023439,2.68511557128908,76.8090069187756,242.851472916251,5.61049438476561
2018-10-19,102383.910325,0.320470935897827,0.271284531250002,-1.66312044433594,3.24060640380861,0.941509064941425,70.8017173000089,245.019860419645,5.12168579101564
2018-10-20,102913.696666875,0.462674252166749,-1.15251116821289,-2.2094928918457,2.80907121093752,-0.543282565917949,72.6277784053834,239.282853135369,8.14716003417969
2018-10-21,103211.69991875,0.340548294754028,0.890564199218751,-0.0950622985839851,1.48025910156252,-0.549715993652325,63.5727126742491,256.411266661721,0.548483886718752
2018-10-22,102801.92772,0.590751317825317,0.566894031982423,0.00639105590820346,0.805230173339862,-0.518074514160139,53.8043055645815,263.993097474397,0.0416821289062503
2018-10-23,102070.68501875,0.380526289138793,0.475618758544924,-0.783421652832031,1.33284904541017,-0.692661376953109,42.636133140224,267.444809681616,0.0029351806640625
2018-10-24,102536.022878125,0.98864530090332,-1.54065061645508,0.410169200439453,1.4656630029297,-0.743975793457015,39.4911263657853,303.058377471562,0.0029351806640625
2018-10-25,102790.765890625,0.959604589767456,-1.74404570190429,-0.968619527587889,2.80430368164064,1.30927027343752,20.8318760449548,317.054072693223,0.034901123046875
2018-10-26,102126.60124625,0.997079040985107,-1.80322449707031,0.961253809814451,4.48283901123048,3.31414312744142,14.6787352182686,330.426895482284,0.0296075439453126
2018-10-27,100784.35175625,0.971655905456543,1.47272885742187,1.65666463378906,5.79787983398439,4.8119159692383,54.6174091598504,253.105667825292,0.494805297851563
2018-10-28,101400.8816725,0.241754332199096,-2.26043590332031,-2.68381178833008,1.75016648681642,-2.17113171142576,8.56839093948089,303.789033451408,0.473388061523438
2018-10-29,100831.928180625,1,-4.0840698071289,-0.398933139648439,2.34955104003908,1.12155222656252,12.1852904070726,338.965959261718,0.00347351074218752
2018-10-30,100400.493069375,0.995948262634277,-2.73295935546875,1.60701136230468,7.14530917968751,6.79004144531251,20.6587347725672,333.199616284064,0
2018-10-31,101105.6122775,0.894442918930054,-3.739939375,0.657870924072264,7.06735937744142,6.41651767822268,13.0003030979658,333.216743626183,0.00988220214843755
2019-07-01,99792.14510625,0.41478820968628,3.61748918579101,1.40955628662109,16.5323577709961,9.3312871411133,247.127434433335,301.802081469334,0.153351364135743
2019-07-02,100883.883658125,0.466977752761841,2.9852438671875,-1.47594231445313,13.2903345532227,1.26405144531252,311.840613669102,280.953543800614,7.4199080657959
2019-07-03,101210.63953625,0.463081685791016,3.12104273193359,-1.20686108032227,13.0505730395508,0.575634182128924,193.606203850592,316.532667010092,5.6184757232666
2019-07-04,100756.25732875,0.776251305541992,3.94883031738281,0.693034959716795,13.3260630810547,5.77013363525392,325.626966386675,284.265975019823,0.308312759399414
2019-07-05,100657.984195625,0.276347109680176,0.951109925537109,-2.37595348876953,14.2204531835938,3.87665575439455,235.344996625199,315.669839995288,0.0535501861572267
2019-07-06,100079.22268375,0.487793482208252,0.793799460449217,-1.32235909667969,13.6115918261719,6.76490312988283,254.125270429355,306.916455757962,1.62575233459473
2019-07-07,99899.225664375,0.682749286880493,0.812122098388673,-1.69314609985352,14.065679519043,4.78430074707033,161.629054573219,333.712354710988,2.69919296264649
2019-07-08,100093.7050675,0.88463906578064,0.644227917480468,-0.569327154541018,13.6630565576172,5.8472034277344,189.920419547989,341.603359044464,0.291736755371094
2019-07-09,100477.437436875,0.913474785461426,0.537721113281249,-0.326796973876955,15.1842940063477,8.2024476489258,163.311483610634,340.40162388229,0.369751281738281
2019-07-10,100569.605516875,0.903268652038574,0.424012969970703,-1.66037235961914,14.5732324072266,10.0880222900391,245.311580850293,334.139580042086,0.00370094299316407
2019-07-11,100529.459556563,0.667250412902832,-1.19238168457031,-1.88082155639648,16.3134985620117,9.14988193603517,202.929144094842,338.084144698043,0.598603591918945
2019-07-12,100513.817803125,0.663897465438843,-0.927690993652344,-1.52948923461914,15.8168113134766,11.5451021997071,197.034884599252,339.232259493906,0.0388502502441406
2019-07-13,100482.986884375,0.910148092803955,0.0913623425292955,1.50657667724609,15.1370477978516,12.4209851245117,170.307327785133,347.657002958025,0
2019-07-14,100456.718954375,0.667746485443115,-0.53185871459961,0.0576749572753866,14.6964969091797,12.0093558618164,217.86269877897,333.339960412441,0.849622497558593
2019-07-15,100765.17779625,0.664566773376465,0.196956398925779,-0.081660079345704,15.8617998754883,11.0842333300781,123.872855241184,341.93812663033,3.42581863403319
2019-07-16,100244.298564375,0.558585473403931,2.8923333227539,3.48779220947265,14.3498625976563,10.6181709863281,293.817425465119,293.561685110695,9.73209060668945
2019-07-17,100288.7433975,0.160110101089478,3.85891167236328,0.895626146240231,14.8493538378906,6.67400844726564,213.999246746313,328.30584070297,0.0148037719726563
2019-07-18,100259.600268125,0.835516671676636,0.59192988769531,3.854088515625,14.8791728564453,10.5490329321289,152.227441289996,351.847136238653,0.067661590576172
2019-07-19,99993.383678125,0.655627152938843,1.9624678918457,2.81619547241211,14.970129116211,11.3785767529297,305.739268261221,288.47567421949,0.352297668457031
2019-07-20,100368.69344625,0.518886360321045,1.65632998901367,2.61089582641601,14.4511980102539,7.55272228271486,244.92921274785,310.580760127386,1.1437255859375
2019-07-21,100569.89479375,0.610872073898315,1.62392964599609,0.419294588623043,15.5032917211914,7.86317046875002,241.162378873776,313.610285342474,5.43369750976562
2019-07-22,101147.226695,0.514731506881714,0.227272292480466,0.0284644482421832,14.6843577514649,8.94417004150393,262.189591383305,308.772992822979,2.45773559570313
2019-07-23,101108.108843125,0.676832109375,0.558725681152342,1.38749099121094,14.5806993872071,7.96426674560549,215.22917650597,324.892035208334,0
2019-07-24,100898.4375925,0.796625989074707,0.113164051513673,1.20846356445313,15.9161509301758,9.1951072192383,173.903294993426,347.358167744697,0
2019-07-25,100609.17463625,0.992086655960083,-0.640094810791016,0.402386414794922,15.6889227172852,11.7584472387696,77.9920128430981,358.748352298313,0
2019-07-26,100564.444001875,0.933829215164185,-1.40323691040039,-0.41288263671875,14.7323471923828,13.9533168041992,176.892389763486,363.505201823902,0
2019-07-27,100673.550149375,0.832447268447876,0.111030612792968,3.35661706298828,15.864934975586,12.3226868481446,115.463055297731,362.226066511195,0
2019-07-28,100640.228431875,0.75611248550415,1.04976978759765,3.6853132824707,15.2423404492188,13.3252066992188,271.05590364014,303.681896066898,0
2019-07-29,101537.962323125,0.185481672592163,3.294943359375,1.66587550170898,16.0489603955078,8.85071112304689,276.233602321293,314.817388680536,0
2019-07-30,102146.6386525,0.0701932758331298,1.30815108764648,2.7916423059082,16.0728126147461,11.1932074682617,280.210661425072,320.809451519478,0
2019-07-31,101993.85398625,0.234499927749634,0.167440913085936,2.69928876098633,17.1711834472656,12.9469617602539,213.865362586032,334.739894734479,0.018764190673828
2019-08-01,101467.91786125,0.401272098846436,0.325206701660156,2.73062052001953,17.3084301708985,13.1958196997071,203.149517350604,342.689295669622,0.0125094604492187
2019-08-02,101456.247846875,0.381780524749756,1.00041018798828,3.10446467529297,17.2177806396485,12.7324180151367,277.606563971344,308.643263209385,0
2019-08-03,101860.89167875,0.172909225234986,1.41983097900391,2.34483387207031,17.0893734667969,10.9972315283203,274.71599882586,329.984135815914,0
2019-08-04,102145.648656875,0.0544138594818117,1.41616270874023,2.60278467285156,19.1357345336914,13.2613172924805,275.414597928101,331.168136110257,0.0370094299316407
2019-08-05,102136.515709375,0.204725223312379,0.0448262634277338,2.29021196044922,19.7066078979492,13.1015033227539,242.468619362127,349.573073513198,0
2019-08-06,101256.111569375,0.396589995956421,0.394118966064451,4.07436336303711,19.4660683129883,13.672189741211,207.190280609736,322.296872625535,0.0387559509277345
2019-08-07,101148.94923375,0.315803379135132,3.12476454956054,4.93696939086914,15.3445740576172,9.73398922607424,183.611300820651,318.135571334758,15.9349668884277
2019-08-08,101130.8428775,0.40011165435791,3.19437223266601,4.46101312988281,14.4498104174805,8.95958535888674,152.856074668717,325.050165404524,2.47632202148437
2019-08-09,100883.79736,0.612115177383423,2.66026860229492,3.60893195800781,13.5969552490235,9.12876426513674,201.097915109805,316.816780213787,0
2019-08-10,100951.329856875,0.625721784591675,0.809202357177731,0.0427706274414034,14.5635077954102,8.58495427490236,218.821024012009,319.183960654614,-0.00726730346679689
2019-08-11,101598.7977775,0.349186939315796,0.253656699218749,-2.71524861816406,16.1985836254883,7.12421575927736,241.363974062073,314.393246607612,0.0148037719726563
2019-08-12,101612.92916625,0.866444654083252,0.748415997314454,1.70008725830078,16.6221328100586,10.0387034521485,212.211075997971,337.950115589666,0.397157897949218
2019-08-13,101057.12860125,0.540534429244995,2.67289657470703,-0.9175819921875,18.4561614257813,10.5456595092774,223.126692185303,333.633428042473,3.80705627441405
2019-08-14,100871.38150125,0.747672542495727,1.79799620971679,3.01573427734375,17.3753727758789,11.2993938452149,224.907859913887,333.087976619658,0.186065979003906
2019-08-15,100661.8224275,0.667220154037475,3.63066896972656,0.459437408447263,17.1260716357422,9.52983181152346,112.93480777286,348.559361514469,0.713106384277343
2019-08-16,100878.059580625,0.859852013549804,3.20456385864257,3.04239579956054,14.3699474609375,9.86692080810549,223.167709059754,298.049031916333,5.45160003662109
2019-08-17,99980.48841625,0.286338928756714,4.16760799804687,1.87227319458008,13.5419755004883,5.81105719970705,231.585611874428,284.591212416451,2.03626434326172
2019-08-18,99573.8149853125,0.308901551895142,2.24716284179687,-0.0063204516601572,13.0000475488281,5.19079698730471,191.829455438971,301.189680529343,0.58864532470703
2019-08-19,99890.65969,0.386466315841675,0.389274919433595,-0.0151215002441399,13.1668536401367,6.16288277587893,168.040597442281,308.842141717157,1.38321807861328
2019-08-20,100076.054944375,0.722886259918213,-0.688089771728516,0.451303566894529,12.3157658129883,7.96664164306643,169.656108577325,318.364174039475,0.503495178222657
2019-08-21,99855.266766875,0.915098609542847,-0.15234985839844,2.51266506469726,11.8201280297852,8.77294061035158,170.32851225175,316.819097012972,0.155254516601563
2019-08-22,99840.8097425,0.520238923339844,2.9644897692871,3.38559338989258,11.8199160449219,7.95709288574221,213.029691650559,291.43877385796,3.67564697265625
2019-08-23,100744.2627725,0.60230274017334,1.96600267944335,3.06601939819336,12.8823676733399,7.2495017919922,127.276396798693,323.231825540876,9.89664794921875
2019-08-24,100711.0179675,0.994528473815918,-0.463320352783203,0.473977703857422,12.324467397461,9.10157514404299,218.079894791406,296.721904679779,5.87793975830079
2019-08-25,101085.727139375,0.462167577362061,0.810502509765624,3.15419944335937,13.2603009594727,9.02530892333986,83.3956001558494,332.523320462861,0.262257080078125
2019-08-26,101224.79843,0.917764952926636,-2.18364696899414,0.0983150842285146,11.4821620581055,10.5449499169922,132.267534123293,329.127857124731,0
2019-08-27,101581.4581475,0.738774883193969,0.898321467285156,-1.31856601806641,12.5129399780274,9.37839737060549,192.11860259645,309.624257471482,0
2019-08-28,101969.619809375,0.571983637008667,0.807649191894529,-0.13197942504883,13.073820703125,8.32502558593752,28.8514060220793,356.393650904946,0
2019-08-29,101207.055196875,0.998214484176636,0.542781260986324,4.27789603149414,12.2279507470703,11.3152806298828,73.1952439241539,363.134601658057,0
2019-08-30,100904.46640875,0.879403726959229,0.239518819580076,2.55093328125,13.392315600586,12.6877471997071,108.3671436029,339.206145962358,0.07279541015625
2019-08-31,101520.240581875,0.792918094482422,0.46529574707031,1.68998333618164,12.6294380175781,10.3064311328125,116.128810559681,329.237593856474,0.0213150024414062
2019-09-01,102020.842695,0.858101371002198,0.53107481689453,1.7203440222168,12.7800081982422,10.0267639916992,102.565954296771,330.589558773175,0.0548513793945315
2019-09-02,101948.81766625,0.667300486373901,-0.655178713378904,-1.57221322387695,12.6795286816406,9.67307338378908,157.739392416455,314.089979632881,0.916029357910159
2019-09-03,102224.085575625,0.281664356384277,-1.59777340942383,-3.45371025512695,14.2697727026367,8.9826580786133,195.702498934918,305.123626403853,5.75323791503907
2019-09-04,102392.03340625,0.116448834075928,-1.04322022705078,-1.08295446655273,14.8727533569336,10.4804721533203,192.114984464391,312.291218073452,1.74753143310547
2019-09-05,102121.192639375,0.0655164662933351,-1.00465139160156,0.0617390979003924,15.6009660986328,11.9548194189453,156.659569626182,331.449551596383,1.1757421875
2019-09-06,101630.64743125,0.378273652420044,-1.91282252861023,-0.867271433105468,15.9513688208008,12.2312838623047,171.629939941795,331.699910026776,2.10413330078125
2019-09-07,101042.53778375,0.68804294845581,-2.34779548095703,-1.8931171484375,15.7333482836914,11.9057282006836,40.7489809748722,378.936918584528,13.6609231567383
2019-09-08,100577.273576875,0.982963145675659,-2.02560068725586,-2.56794710205078,14.3729992407227,12.7335894262696,59.8798011445247,367.881258120566,4.1201498413086
2019-09-09,100127.119759375,0.841001942596435,-0.858073764648436,-3.25375480224609,14.5688749780274,12.7033369140625,75.7115372013813,356.862159184476,0.255021667480468
2019-09-10,100267.014115625,0.865526551055908,-1.67255372314453,-1.23329151123047,14.6780803198242,13.088168112793,24.1539062830072,368.468250743575,0.134247741699219
2019-09-11,100257.7889175,1,-2.14938490966797,-1.1242544543457,13.1687284619141,12.2790636010742,55.5689636693474,360.508096627031,0.0653546142578127
2019-09-12,100497.276949375,0.981002853240967,-1.08099981079102,-0.0930457873535162,12.829408293457,12.0950880541992,104.049069863603,334.166918580611,0
2019-09-13,100607.19172375,0.618649165039062,0.224453618164062,0.245469362792969,13.1457238793946,11.4379637329102,131.286189757615,325.547299214718,0
2019-09-14,100477.189085625,0.79380482635498,0.754554376220701,1.91465559082031,13.2977206103516,11.3811456445313,104.68779153507,329.117955617106,0
2019-09-15,100315.21589625,0.404942203903198,3.01443360595703,3.63344504882812,13.0701992919922,10.0419718823242,111.524779232153,299.92919955081,0
2019-09-16,100316.166215,0.662030602722168,2.76521193969726,4.32948942504883,11.1587395922852,8.75933045654299,153.118908828051,288.962186166756,0
2019-09-17,100476.065449375,0.361555263137818,3.46909377563476,1.40837418579101,10.884173605957,6.41432550292971,148.418704971412,279.806425241437,0.0267556762695312
2019-09-18,101331.288470625,0.258089539794922,1.28521335571289,-0.899213289794923,10.358268918457,6.34515395263674,143.497855740589,286.714982928142,0.297254638671876
2019-09-19,102737.11668875,0.32633719192505,-0.92435710571289,-0.261044244384765,10.9006301635742,6.21165101806642,150.229925193122,280.982064057242,-0.0180081176757813
2019-09-20,103426.101726875,0.345765139160157,0.585375646972657,2.88589450317383,11.145487734375,7.69753216064455,109.967290950759,309.942937537085,0
2019-09-21,102998.260336875,0.498768712310791,1.0597306237793,2.91247655395508,10.7566605908203,7.79091322265627,136.987228106405,289.427789321382,0
2019-09-22,102158.128480625,0.438090802001953,1.32182644897461,3.17103952026367,10.9425404980469,7.58889869384767,34.1944104820818,317.44472097053,0
2019-09-23,100525.894603125,0.684344004440308,3.11417794067382,4.18232958374023,10.3731388549805,7.84242486328127,143.740583951445,260.625644319,0
2019-09-24,101005.480659375,0.0141506115722657,1.96414780883789,-2.09676314331055,8.94203543457033,2.08919385009767,110.571168190046,293.765185364989,0
2019-09-25,100612.45006875,0.740276499710083,1.65426783569336,4.38040745239257,8.88772358398439,5.20770844238283,89.7033526021866,303.408210829902,0
2019-09-26,99527.10154375,0.296171387863159,3.63720817260742,3.27237972290039,9.45949919189455,6.11235995117189,136.446245304238,255.613186942645,0
2019-09-27,100627.4136525,0.0212904093933105,1.48299048706055,-2.63193270263672,8.13895533203127,1.86375088134767,133.517514364781,264.895355882728,0.0696356201171877
2019-09-28,101798.544995,0.485992889328003,1.17307875,0.346501678466797,7.82066570800783,2.85746493896486,80.2631899991991,329.164981852404,0
2019-09-29,102069.82833,0.882027530822754,0.14184603149414,1.01320110961914,10.1860623852539,8.23081731201174,91.733566524588,323.345510360118,0.171892089843751
2019-09-30,101814.790529375,0.786461727371216,2.88173963134765,3.56900095458984,11.8492977050781,9.97895491699221,77.5056291328238,327.306455691791,12.0613037109375
2019-10-01,100622.2956175,0.936902588043213,3.94742549316406,4.83060458129883,12.4071450927735,9.32061487060549,107.475051235435,277.355808267017,7.93092712402346
2019-10-02,101050.115151875,0.214308186264038,0.876124001464844,-2.58854550415039,8.52666578369142,2.24929447998049,111.623393715959,268.722070980168,0.0267114257812501
2019-10-03,101576.332145,0.411595577087402,2.44769909667968,2.35740474853516,7.64214552490236,2.9352622583008,86.105696268562,285.451508646959,0.0928350830078127
2019-10-04,101178.11853,0.7773740650177,4.24019725952148,4.12550594726562,10.132762397461,5.93855355224611,96.365738405174,298.88755582858,0.109663696289063
2019-10-05,101757.041703125,0.685015712738037,2.91395760864257,2.69735405517578,11.5552974438477,8.15329761718752,53.1520021497479,345.242223719139,0
2019-10-06,101757.109759375,0.834672789382935,2.93302976196289,5.21223513549804,12.2122907226563,9.98068070556642,87.6595313364267,320.279647854117,0.005870361328125
2019-10-07,102680.365658125,0.741830493774414,0.228772918701171,-0.254900244140625,11.8372052392578,8.83247707031252,80.7835463197372,326.976806504124,0
2019-10-08,102958.96740125,0.561946529006959,0.452741799316407,4.07963546630859,12.6106029394531,10.6073145678711,57.0234726684713,345.464180381751,0.985484619140628
2019-10-09,102704.193205,0.811292413940429,1.59638217163086,2.40481827026367,12.4701075195313,11.4097587280274,66.2621884682941,331.063411761934,0.202664184570313
2019-10-10,103087.714981875,0.977928076248169,-1.66585860473633,0.0388653698730471,10.2566604956055,8.47215344482423,28.9944488161726,359.201432316607,0.0296075439453126
2019-10-11,102981.475445,0.915536123046875,-1.96431077514648,1.42593713256836,12.0721006738281,11.0058183154297,31.0093416180412,348.758061059342,0.153048706054687
2019-10-12,102789.41602625,0.888219444885254,-1.4657692199707,2.9140064453125,11.8148989331055,10.5552341552735,26.6006031402881,352.822110828795,0
2019-10-13,102287.179635625,0.97984547744751,-0.526598541259767,4.96032872436523,11.7101221972656,10.6943731225586,10.800665590757,360.531052233766,8.55816528320311
2019-10-14,101728.198685625,0.83744446182251,-0.447931483154299,5.85951406982422,10.9281941821289,10.2798179052735,83.217201877905,267.428740472458,0.273414916992188
2019-10-15,102254.39219125,0.511743827209473,2.23399163330078,-0.0681481311035146,7.88416125244142,4.35162193359377,53.6919728041226,295.969965625943,0.183848876953125
2019-10-16,102382.706044375,0.724016653366089,1.01890320678711,2.47793850952148,8.48132345214845,6.31144391113283,26.1084319357547,353.308326716907,0.120955200195312
2019-10-17,101911.5115275,0.988048861541748,1.63635325439453,2.35993077026367,11.223001887207,10.5074055615235,55.9454191220203,317.222695093128,0.370222778320313
2019-10-18,101462.464163125,0.598090034027099,2.61148671875,1.81493413818359,11.3317352832031,9.15185618652346,75.5529907683008,263.134666250639,5.71160522460938
2019-10-19,101498.960186875,0.395810933990478,3.88652897705078,1.76966414550781,8.36737776367189,3.21541271728517,54.45292589923,283.390394587287,0.319313354492188
2019-10-20,100204.229076875,0.872101130905152,3.42981248168945,4.10558852539062,8.0347183154297,4.98246008056642,20.3283782666305,333.289714030127,0.0946545410156251
2019-10-21,99519.30185125,1,-1.30655807617188,2.43227851318359,8.35981844238283,7.75970562500002,8.14737490990079,349.929755580238,0
2019-10-22,99465.4553109375,0.998359111709595,-2.45591931884765,2.32880618896484,9.31670622802736,8.81144062011721,28.0396051819073,336.667821522515,0
2019-10-23,100059.876850625,0.997201865463257,-1.6373314086914,-2.25919272460937,8.80681365966799,8.11380340576174,17.3450420723208,342.385076043374,0
2019-10-24,100427.8560625,0.831531508712769,-0.705456478271482,0.359466572265622,8.81885644775393,8.12665292480471,41.180976556143,304.366347381526,0
2019-10-25,100219.316155,0.933087818069458,0.722472706298828,-2.90174358642578,6.41772106689455,4.45703747070315,11.3231822660903,316.733990317004,0
2019-10-26,99806.18448,0.906848560256958,0.444174429931642,-5.80540459960937,6.19279575439455,2.57899870849611,58.6927537401434,264.323292795205,0
2019-10-27,102073.717493125,0.375221783447265,-0.672639500732418,-2.7571342590332,5.00518817138674,0.771930549316425,57.1814791313715,250.19927619649,0
2019-10-28,103386.118858125,0.411248383102417,-0.14576850097656,-1.21346717163086,3.04056220947267,1.07112892578127,26.1533831495614,292.787137709262,0
2019-10-29,103279.096214375,0.961740054626465,-0.0801154077148443,-0.356391717529297,3.15218985351564,2.24391851318361,25.9859260233212,308.353089918933,0.0173675537109376
2019-10-30,103542.246143125,0.942741496353149,-1.98213736328125,-2.17125463867187,2.46476760253908,0.601461870117207,43.1504895813927,263.747290153514,0.0903112792968756
2019-10-31,103731.759936875,0.532553724594117,-0.670300511474606,-1.3380390258789,1.51643552734377,-1.59788244873045,41.2629681124671,258.536055484165,10.2579681396484
